Otu001,Otu002,Otu003,Otu004,Otu005,Otu006,Otu007,Otu008,Otu009,Otu010,Otu011,Otu012,Otu013,Otu014,Otu015,Otu016,Otu017,Otu018,Otu019,Otu020,Otu021,Otu022,Otu023,Otu024,Otu025,Otu026,Otu027,Otu028,Otu029,Otu030,Otu031,Otu032,Otu033,Otu034,Otu035,Otu036,Otu037,Otu038,Otu039,Otu040,Otu041,Otu042,Otu043,Otu044,Otu045,Otu046,Otu047,Otu048,Otu049,Otu050,Otu051,Otu052,Otu053,Otu054,Otu055,Otu056,Otu058,Otu060,Otu061,Otu062,Otu063,Otu065,Otu066,Otu068,Otu069,Otu070,Otu071,Otu073,Otu074,Otu075,Otu076,Otu079,Otu080,Otu082,Otu083,Otu084,Otu085,Otu087,Otu088,Otu091,Otu095,Otu097,Otu102,Otu105,Otu106,Otu112,Otu113,Bias,model
-0.5019257607994958,-1.2960536671135712,-0.13332722290393664,0.9051979096927253,0.8501682036858197,1.1013105508399474,2.3704559083106296,0.5213305672242234,1.3038800275748108,1.2533762940592719,-2.5309154893784473,0.08590469178189103,-0.22561005217758923,-1.5871364919406672,0.8618864812411897,0.9870552804465156,0.3188512061098515,0.6438466718526811,0.1858498974937745,-0.7911683670587036,-0.7911683670587036,-1.0597377537386532,0.9450517345070232,0.5357028146655655,0.5566026842468766,0.9568402732433543,-0.01536869754085042,0,0.1714180752329441,0.4327622600470996,-0.7911683670587036,-0.046745542262968814,0.7390561361597059,-0.23223423953540753,0,0,-0.6948328663841822,2.574071201872469,0,0.7744380173283687,0,0,0,0,0.7744380173283687,0,0,0,0,0,0,0,0,0,-1.9608481259151298,0,0,0,-1.0597377537386532,-0.74869205937777,0,0,0,0,0,0,0,0,0,0,0,0,0,0,0,0,0,0,0,0,0,0,0,0,0,0,0,0,L2_Logistic_Regression
-0.6780205636892213,-0.8108478988175094,0.1473728030949916,0.3973718526580414,-0.12514780342779566,0.29551401496227125,0.26171077007685867,-0.008602570943928377,2.047399548765451,0.790594612918185,-1.2951820057589878,0.5725781555170653,-0.321496550458516,-0.275036596863619,3.228208836453891,0.11894507801142912,0.8295510020649148,0.22383623503163216,-1.7176386567675606,-0.23551798371519655,-1.121488824654322,0,1.8912324674463525,-0.08313524792368514,0.21562807595089037,0.1288854549329324,1.2510996229284725,0,-0.7840765694948996,-1.6933238239175388,-1.4287224854069323,0,-0.1490872058392642,-0.23582617686702448,0,0,-1.0610004980235102,2.380876137176907,0,1.198861453430527,0,0,0,-0.9981780946664242,1.198861453430527,0,0,0.5045654249110897,0,0,0,0,0,0,-1.8857606401653497,0,0,0,0,0,0,0,0,0,0,0,0,0,0,0,0,0,-0.9981780946664242,-0.63624389980039,0,0,0,0,0,0,0,0,0,0,0,0,0,0,L2_Logistic_Regression
-0.7686502143143565,-0.7604086702857796,1.258990922320209,-0.10996973225713795,-0.8747293615347272,0.6086523362995985,2.7219762121916493,0.5946465951335497,1.9325823444857588,1.7945592635496075,-2.013179502086834,-0.4342506389686508,-0.03184094886185579,-0.7443710601632049,3.060536325242105,-0.23175960008110766,0.15578533304248726,0.7409608922218444,-1.141963963664773,-0.36124832697796205,-1.068316482658324,-0.6707802534730949,0,0.5160933449826139,0.01032082056044822,0.019983896812125184,1.1306316888066077,0,0.6427952319016524,-0.6764030162621445,-0.3920410687726461,-0.01899155765633626,-1.2581066772653715,1.2586431285867508,0,0,-0.8019451616676501,0.7927308060692928,0,0.6573175289003428,0,0,0,0,0.6573175289003428,0,0,0.2463419343574722,0,0,0,0,0,0,0,0,0,0,-0.6707802534730949,-0.7725381052870215,0,0,0,0,0,0,0,0,0,0,0,0,0,0,0,0,0,0,0,0,0,0,0,0,0,0,0,0,L2_Logistic_Regression
-0.7856303765190533,-2.00808433474821,1.2396890437079884,-0.3449676087740581,1.593887748535326,0.8423181234874,2.4036066061393435,0.022699183183404532,0.13438997674555606,0.5735587429273638,-1.3358180351751605,-0.8089857240558778,0.9089693855507089,-0.9540053224504539,1.6815721922053173,-0.5652807510190986,1.7278227583292167,0.2076575616403271,-1.527065810315823,0,-0.7784417468786892,-1.1795296048006851,1.1255739619940897,-0.07077203764319373,0.7957081963797082,1.1911594786388942,1.3545606485282948,0,-1.4837112599343396,-0.8958835687712781,-1.3152041831187433,0,-0.046504717772878575,0.5610754696094625,0,0,-0.5032784419859688,1.4647543658573834,0,1.2767047790827826,0,0,0,0,1.2767047790827826,0,0,0,0,0,0,0,0,0,0,0,0,0,-1.1795296048006851,-1.1203937305639995,0,0,0,0,0,0,0,0,0,0,0,0,0,0,0,0,0,0,0,0,0,0,0,0,0,0,0,0,L2_Logistic_Regression
-0.11771106318222885,-1.2997665370256677,0.11320230881801047,-0.3550704275069112,0.888071035895752,1.0447856755074238,1.8793306981775062,0.9772232371097189,2.2504660587726395,1.0307004610907093,-1.743362420183919,-0.38871580178025056,-0.6075097004430392,-1.5501587221348596,1.5309014235432488,0.28579652365064906,0.22835697623625578,1.1755172480160387,-1.4303097540204717,0,-0.8841795189562934,0,1.0246720585027962,0.8523715786580235,0.8340322820873856,0.9750218118743755,1.6115090048850826,0,0.6972482662797406,-1.0687087389218086,-0.9868515378045217,0.21258257870344824,-0.22884913646389385,-0.504313216928351,0,0,-0.571983376666164,1.940671719008744,0,1.274970117615321,0,0,0,-1.3791563511351028,1.274970117615321,0,0,0,0,0,0,0,0,0,0,0,0,0,0,0,0,0,0,0,0,0,0,0,0,0,0,0,-1.3791563511351028,-0.9695731432446395,0,0,0,0,0,0,0,0,0,0,0,0,0,0,L2_Logistic_Regression
-0.16421302455974943,-1.3858347296690179,1.1836994371961331,0.052274140100125016,0.5743326974439319,0.8898097421834895,0.3568052930065944,0.9216777936813215,1.6326165850024457,1.0060584197839684,-2.3668387177525445,0.4104031674839304,-1.03255373198707,-2.081151823851538,3.3966244659128026,-0.06404958066697551,-0.4157693662573567,1.1025516713242993,0.22583322736343142,0.020134103499648937,0,0,0.9832447510306723,0.7886853263141238,1.0018985769416147,0.9705473095027574,-0.31642317061109415,0,0.4243854551129643,0.5586856150801142,-0.5714499155135285,0.2369727829831057,-0.2116473914600393,-0.5141479215849983,0,0,-1.0329182790724867,0.35737096225597903,0,1.0551196370079836,0,0,0,-0.7790783215726724,1.0551196370079836,0,0,0.1610728279971915,0,0,0,0,0,0,-0.40128625278566976,0,0,0,0,0,0,0,0,0,0,0,0,0,0,0,0,0,-0.7790783215726724,-0.7260046609789514,0,0,0,0,0,0,0,0,0,0,0,0,0,0,L2_Logistic_Regression
-0.11900807952835127,-0.1170881577823655,0.13690026347449988,-0.08828820686055405,0.06741824698321294,0.12712884119846174,-0.024489530583896323,0.11147551757870018,0.018497469921573643,0.025805415471419933,-0.3595147343088408,-0.04596600975538107,-0.103842424504904,-0.06717285406509023,0.14318624872677457,0.09870327180470628,-0.0019147344737652145,0.12904077545347375,-0.07610287678306235,0.013985073741216736,-0.05503657021006764,-0.10252919851778587,0.22753855856383787,0.10846741892626276,0.1223224177606376,0.15051497484558982,-0.026653276587271887,0,-0.1739665767445785,-0.07204732098015418,-0.09367642519533137,0.011138476936348764,0.04689448608872832,-0.045625968446622145,0,0,-0.09367642519533137,0.03682162210095538,0,0.12157312076331075,0,0,0,-0.08992593005013919,0.12157312076331075,0,0,0.11188058992973389,0,0,0,0,0,0,0,0,0,0,-0.10252919851778587,0,0,0,0,0,0,0,0,0,0,0,0,0,-0.08992593005013919,-0.1682223229206541,0,0,0,0,0,0,0,0,0,0,0,0,0,0,L2_Logistic_Regression
-0.00894692623783247,-1.3007524322311794,1.5646448413830532,-1.267814599561881,0.43611077415047694,0.9168057635970042,2.0160813177929167,0.8962171834179903,0.04597840901412312,-0.007975582936090884,-0.9628468644482497,-0.9786267464476381,-0.9107157402517232,-1.2852099559741337,2.1193098770658745,1.0933955035135356,-0.37828358863776196,0.8673701878258011,0.4071764332438348,0.03201878427351063,0,0,0.9010005179706915,0.8735897712683391,0.7083739218386569,1.2406690275992156,1.6184396221980584,0,-1.5639587757334548,-0.9578158501508608,-0.627776835328973,0.8735897712683391,0,-1.1501526200654333,0,0,-0.5489398515102196,1.8470342821355432,0,0,0,0,0,-0.7945865216243744,0,0,0,0.25615027418808506,0,0,0,0,0,0,-0.6007942974388918,0,0,0,0,0,0,0,0,0,0,0,0,0,0,0,0,0,-0.7945865216243744,-0.9282989488391987,0,0,0,0,0,0,0,0,0,0,0,0,0,0,L2_Logistic_Regression
-0.2141609475873526,-0.419032830954277,1.1993946716278874,-0.5603245785530814,0.42348198229801054,-0.1288798993840784,0.884962800126177,1.170225533748497,2.6304642215318457,1.5008781198998284,-1.6331315685891923,-0.9156936071306319,-1.0565309003541603,-1.5821866437829062,2.5294522243458903,0.27521593470950806,-0.45902539915157103,1.2069985749196068,-1.6856143884009738,-0.2174790735645435,-1.2722611264422288,0,0.28241828649283396,1.022518179247614,0.023973290557780073,0.4435106865273866,1.806022745302511,0,-1.017152408084589,-1.092480474957893,-1.1894199328535364,0.04512826204541827,-0.46684636803060475,-1.0336097025464008,0,0,0,1.8899923887032777,0,0,0,0,0,-0.9637275515989202,0,0,0,0,0,0,0,0,0,0,-0.7070526763238388,0,0,0,0,0,0,0,0,0,0,0,0,0,0,0,0,0,-0.9637275515989202,-0.4386726697357227,0,0,0,0,0,0,0,0,0,0,0,0,0,0,L2_Logistic_Regression
-0.5109218607242262,-0.9256590465926969,0.6721445630871552,-0.18541325003693143,1.0078873971552176,0.23119233130107952,1.1320926680575307,1.1711823557512084,2.500198862357439,1.3820641682122352,-1.7656302502476002,-0.7744498583150747,-0.49956868284804634,-1.3911000786590277,2.636800839840383,0.2313032368246846,0.2366034877910342,1.2060126591302867,-1.7375403885112997,0.0450518766236957,-1.0918927532652185,0,0.2671905558673967,1.081181365213467,0.02888987428133495,0.20889420788969623,1.4950771681470874,0,-0.749765440007467,-1.1744430478661472,-0.7722873440078748,0.2498290503422485,-1.0952557125108242,-1.1589099238999132,0,0,-0.7722873440078748,1.8995613731461038,0,0,0,0,0,-1.02151491087263,0,0,0,0.3604150129895656,0,0,0,0,0,0,0,0,0,0,0,0,0,0,0,0,0,0,0,0,0,0,0,0,-1.02151491087263,-0.6707921007048031,0,0,0,0,0,0,0,0,0,0,0,0,0,0,L2_Logistic_Regression
-0.8891750386777869,-1.4612516926315966,1.581290652735025,-0.30917836471945237,1.5387706486981376,0.4364898496016039,1.2865063856504928,0.9112258476503525,0.048174081802889804,0.1627032760921594,-1.573194033915278,-0.62509420006184,0.4733063709590015,-1.0579213551286246,1.7696985272800407,0.855780435932734,1.3459842579911456,0.9057993467231362,0.33703835746184324,0.03752895691978291,0,0,2.318116493599673,0.8308513366868762,0.2945264737956207,0.608965875171755,1.5499632792270528,0,-1.2562356303641713,-1.4642639598926106,0,0.9153075542549064,-1.4340395870666154,-1.3623187336258529,0,0,-0.5743029557628787,2.144476997163437,0,0,0,0,0,-0.8659512357791693,0,0,0,0.3002316553582633,0,0,0,0,0,0,0,0,0,0,0,0,0,0,0,0,0,0,0,0,0,0,0,0,-0.8659512357791693,-0.6750547836891557,0,0,0,0,0,0,0,0,0,0,0,0,0,0,L2_Logistic_Regression
1.3836768763812703,-1.6574442953714155,-0.38926123641638494,-0.392228031736013,0.5585439618188659,0.7463946243874281,1.5470306365579596,0.7921226023185359,1.8801271509631272,1.8025146973844675,-2.2836032080521074,-0.07332083033724746,-0.8513001437614524,-2.192068398161312,0.549957735410437,0.19090089947044292,-0.5074075785678641,0.968245484116792,0.22621570659877338,-0.5428507801875314,-0.5428507801875314,-1.4784568650180376,1.0602099733225552,0.696117390663998,0.9737019090739744,1.075955604098881,-0.03431939917065815,0,0.5762201083088716,-1.0322738072064697,-0.5428507801875314,0.21191224216809523,-0.12995364808669094,-0.2867256638233041,0,0,-0.5286273070535952,1.5073411024345025,0,1.2055639974887886,0,0,0,0,1.2055639974887886,0,0,0,0,0,0,0,0,0,-0.5074075785678641,0,0,0,-1.4784568650180376,-0.8173126012813284,0,0,0,0,0,0,0,0,0,0,0,0,0,0,0,0,0,0,0,0,0,0,0,0,0,0,0,0,L2_Logistic_Regression
-0.5251261559585858,-1.556607823964346,1.3949277978153785,0.46964254049467635,-0.1807259951924461,0.2957178753959115,1.1767919653458927,0.5408776807232093,2.176006772220306,1.6495918634355056,-1.489224934787456,-0.3918431468664893,-0.02303533274792253,-0.7016769138341173,2.4885722901121636,0.6658542573979153,0.6569461246762686,0.5180671962757145,0.18780934642173,0,0,-0.8856252703346976,1.067166480905259,0.41393179238335054,0.8722413848497111,1.1758043308561474,1.2463627596053573,0,-0.7302874055469539,-1.4051779681719845,-1.3710472030111707,0.5160288851224737,-1.1571003843767287,-0.0024184710692308356,0,0,-0.7824001495169015,2.705894465101644,0,0,0,0,0,0,0,0,0,0,0,0,0,0,0,0,-1.9169835433548974,0,0,0,-0.8856252703346976,-0.7734127486666391,0,0,0,0,0,0,0,0,0,0,0,0,0,0,0,0,0,0,0,0,0,0,0,0,0,0,0,0,L2_Logistic_Regression
1.065710764827489,-1.1499490418219014,0.4944391964159385,-1.673823086841061,0.45767336951468907,1.6413920045534132,0.6332435444821453,0.034379772785307953,0.18075270703234167,0.13588160216297956,-1.4074246500048586,-1.0274477088327236,-0.8669718914134534,-1.9346201997252148,2.8944932581537746,-0.60111765800744,-0.275153265897006,0.2986987034194082,0.042842854926086534,0.031416891015757634,0,0,1.106917729973021,-0.03523886818857123,1.1017277659737834,0.8241358413971446,1.6005105166437326,0,-1.1873401655428026,-0.7865113694291329,-0.7796458052574935,0,-0.512767537184751,-1.0852705045659239,0,0,-0.6442204771180299,1.4274627181281592,0,1.717150716807246,0,0,0,-0.6383048484882209,1.717150716807246,0,0,0.25133512812606107,0,0,0,0,0,0,-0.5160808792582682,0,0,0,0,0,0,0,0,0,0,0,0,0,0,0,0,0,-0.6383048484882209,-0.6112863464863185,0,0,0,0,0,0,0,0,0,0,0,0,0,0,L2_Logistic_Regression
-0.6495461967651376,-1.0079303747621318,1.5810024893341197,0.039030017970950764,-0.11529740314267214,0.866896578522679,2.5624139349193196,0.9519469620795703,1.6416714052325512,0.6165584707375924,-1.5936473641948996,0.11768123595813229,-0.8827528788530253,-0.5056883758296415,2.3354578194070834,1.3442465925951157,-0.19976645159867712,0.9858895196055436,-1.4145055979960952,0.023702384953244594,-0.9021414739969849,0,1.347577603097875,0.9818396495272107,0.16959613580408184,0.37617037838734035,0.9083187116786763,0,0.7188609401951419,-0.8302205759093133,-1.3975373041650325,-0.19661860060935016,0,-1.4977823914452892,0,0,-1.2250469412074365,-0.9852641734592034,0,0,0,0,0,-1.1239208064631347,0,0,0,0.18961907962595675,0,0,0,0,0,0,-0.33987914338261804,0,0,0,0,0,0,0,0,0,0,0,0,0,0,0,0,0,-1.1239208064631347,-0.44964912320782247,0,0,0,0,0,0,0,0,0,0,0,0,0,0,L2_Logistic_Regression
-0.8848712413955923,-0.83079933032494,0.6468838779248604,0.15078055368304377,1.0594711990442809,1.4773536653823895,0.65410966531694,0.006138489830106094,1.622270861922777,1.1877511203841178,-2.4030385136471906,0.10105326932613387,-0.020257695757530003,-1.1690774466907736,2.0015338768059863,0.7365309254238331,0.46828021409251264,0.18142496177291015,0.011089719172204873,-0.5072858559711749,-0.5072858559711749,-1.2314249238650106,1.7900514150387892,0.0545869656314499,0.4206892027985306,0.7226030861576607,-0.16350750073569037,0,-0.9891181675679234,0.5217774664121599,-1.66253250579689,0,0.555426979163097,-0.9224249252307752,0,0,-0.9722352108193791,2.06172310177954,0,0.8618718589711463,0,0,0,0,0.8618718589711463,0,0,0,0,0,0,0,0,0,-2.1356803083655387,0,0,0,-1.2314249238650106,-0.3859283330005106,0,0,0,0,0,0,0,0,0,0,0,0,0,0,0,0,0,0,0,0,0,0,0,0,0,0,0,0,L2_Logistic_Regression
-0.7022914937922723,-1.1800424718055045,0.6673879296985967,-0.42205190453815405,0.8719375191602328,1.376410025562738,1.5595829498262583,0.4591475065934295,0.13749120345990462,-0.26038058011399795,-0.9724284943954522,-0.17476837618827773,-0.578494784992781,0.47242408196435015,1.7542214784699992,0.970324942265183,0.8294740580159258,0.6309662032800119,0.22676039277815702,-0.47683574380829913,-0.47683574380829913,-1.1342510415705842,1.7804590944648342,0.5316479838214088,0.19050106570693967,0.49123581136927874,1.033089631398788,0,-1.6270104665887621,-1.692292355260877,-1.6582066390004548,0.4621952312772615,0,-0.057347276369681316,0,0,-1.042735740239513,2.2140216417875425,0,1.0750688172304632,0,0,0,-1.1972284351392226,1.0750688172304632,0,0,0,0,0,0,0,0,0,-2.113140397815673,0,0,0,-1.1342510415705842,0,0,0,0,0,0,0,0,0,0,0,0,0,-1.1972284351392226,-0.6146177030840788,0,0,0,0,0,0,0,0,0,0,0,0,0,0,L2_Logistic_Regression
1.1490472094186528,-1.521312059634523,-0.36125354303217655,-0.19829589742778517,0.5610569118537895,-0.009071196704323893,0.7706322488495329,1.1605853779117625,0.061593233119072076,0.155268808613078,-1.363692556291424,-1.2039088604545423,-0.06110144829822184,-2.156440775327882,2.7675722233308195,0.9178831173809026,0.7288174384599783,1.1903082313475506,0.41420054570046844,-0.2611330284614901,-0.32615072040832527,0,0.36536625207805085,1.088892081638242,0.030376972263839747,0.12235865555585394,1.218440422361062,0,0,0,-2.1579226040589377,0.35255624229966703,-0.4788558391773951,-1.1130126306935186,0,0,-0.9835941904229233,2.1885932609083736,0,0,0,0,0,-0.7673578782692143,0,0,0,0.520141535574681,0,0,0,0,0,0,-2.151601938813661,0,0,0,0,0,0,0,0,0,0,0,0,0,0,0,0,0,-0.7673578782692143,-0.5494531098334346,0,0,0,0,0,0,0,0,0,0,0,0,0,0,L2_Logistic_Regression
-0.822043993535244,-1.4457214527541202,1.8351464142108267,-0.1940721601114641,-0.6360980789345734,0.9274662311373282,2.748070946122773,0.011336728720119354,1.9231474107252846,0.41198330008504663,-0.9588800832177548,1.216210633225593,-0.8269658642784389,-0.012067221308989464,2.0279960883620545,-0.44008572715929273,0.17691155243102533,0.1964832247989769,-1.0171756063236044,-0.29620190061896245,-0.8356028046388905,-0.591689338892204,1.6220179601499192,-0.05186462821876971,0.6263224605973032,0.3818268321054761,1.015756699178056,0,0.709867979209509,-1.040277205328663,-1.0830385295738632,0,-1.3751874144057843,-0.5056488217124991,0,0,-0.9255651351768692,0.8359692456453631,0,1.1595270009638607,0,0,0,-1.2838198441557627,1.1595270009638607,0,0,0.3522143377926939,0,0,0,0,0,0,0,0,0,0,-0.591689338892204,0,0,0,0,0,0,0,0,0,0,0,0,0,-1.2838198441557627,-0.9641110104172311,0,0,0,0,0,0,0,0,0,0,0,0,0,0,L2_Logistic_Regression
0.16692392783978965,-2.084932610456573,0.03245029912472322,-0.04573474098451299,1.2566783091953375,0.5861928520182008,1.8227590424390654,0.007466404007289821,0,0.387659277805705,-1.4698856856262184,0.3453511857030952,0.2405418000999945,-1.5380701873797782,2.173944579727278,0.30011789951081036,0.8858824009622506,0,0.038043656916878166,0.0876185262938124,0,0,2.6163364454332916,-0.0594432925859407,0.6378370609001001,0.8253968532237382,1.3562723458875512,0,-1.2885006745023262,0,-1.5200971018089022,-0.32145798200074815,-0.13466754158257432,-1.1075223144556636,0,0,-0.7779348911015149,1.5358004955411695,0,0,0,0,0,0,0,0,0,0.7009482103504991,0,0,0,0,0,0,-2.2506768467659723,-1.2341700828326518,0,0,0,0,0,0,0,0,0,0,0,0,0,0,0,0,0,0,0,0,0,0,0,0,0,0,0,0,0,0,0,0,L2_Logistic_Regression
-0.1637466507674898,-0.813805583688763,0.5820049995698355,-0.7387594057150919,-0.1468320246140829,1.1996799897423323,2.9947450488066685,0.0027051581835542916,0.10905433178287244,0.7095464076762681,-1.3830593763644405,0.7127845042477102,-0.7596479812098208,-1.5024402291512509,1.647462675895422,-0.5580684389439071,-0.39115878272410204,0.17491181785954216,0.03477424657260285,0.08839898799483532,0,-0.9015004711859432,1.8355107483648259,-0.05538429837399447,0.4703703228016877,0.6564819208114708,1.3066037680979683,0,-0.3676899201450773,0.25900403798432203,-0.9489051476667854,-0.7454024428978804,-1.39730841929401,-0.3028188010210479,0,0,-1.208319616806234,2.1867258973102115,0,1.0360161519372881,0,0,0,0,1.0360161519372881,0,0,0.7071919039586826,0,0,0,0,0,0,-0.5764104296442824,0,0,0,-0.9015004711859432,-0.8292198560567143,0,0,0,0,0,0,0,0,0,0,0,0,0,0,0,0,0,0,0,0,0,0,0,0,0,0,0,0,L2_Logistic_Regression
-0.6626081494483534,-0.7239386826702306,1.7267834564887303,-0.4365555453713884,0.6539435432467212,1.1769065059747748,1.3236266445406848,0.017823179660699927,2.3624573759384098,0.8091609134571716,-1.9429190960109033,-0.4054478135649852,-1.031321081704941,-0.8044457115363903,1.305034211422596,0.06488531449934413,-0.46805120144792794,0.015340632311288375,-1.3635873084584662,-0.2833165279678755,-1.0671767655658964,-1.0665627547014125,0.8613239488945563,0,0.5807054768617207,1.0307140518186415,1.8651434284509087,0,-1.1249805171564369,0.4724914751876819,-1.2035232495407187,0,0.7899395264351798,-1.7185822567246487,0,0,-0.9250151285045787,2.022757407825271,0,0,0,0,0,-0.8219607752720629,0,0,0,0.36861169829293383,0,0,0,0,0,0,-0.743812577385734,0,0,0,-1.0665627547014125,0,0,0,0,0,0,0,0,0,0,0,0,0,-0.8219607752720629,-0.5238386492893805,0,0,0,0,0,0,0,0,0,0,0,0,0,0,L2_Logistic_Regression
-0.2566260595769266,-0.3128428662879466,0.2801882192549088,0.23492143267148066,-0.1587924506483508,0.2762954340034201,0.3959522808413422,-0.0013945172921319196,0.4741589193223916,0.38790641558465283,-0.17077357101393026,-0.08132009959604726,-0.029250263487462888,-0.4259029755745621,0.6807048668644775,-0.07570795363159716,0.08252105084175006,0.05913958680347684,-0.3399582542993805,0.036984138446434146,-0.1740768582802261,-0.2727368069249868,0.07401824691939296,-0.008983161361203076,-0.0011058768821616675,-0.009308356404698214,0.3258839260862096,0,-0.32073360868045914,-0.22528364625680364,-0.4461311163040732,0,-0.24771642160421353,0.003123612358520156,0,0,-0.46546338334481857,0.18175037314075962,0,0.3282913338988021,0,0,0,0,0.3282913338988021,0,0,0.29587310757147317,0,0,0,0,0,0,-0.3570276794404405,0,0,0,-0.2727368069249868,-0.26459971844399754,0,0,0,0,0,0,0,0,0,0,0,0,0,0,0,0,0,0,0,0,0,0,0,0,0,0,0,0,L2_Logistic_Regression
-0.9186667354810799,-1.5451917986518358,1.4414048754098179,-0.08470784306487465,1.5755913916966247,-0.05424615385983393,2.2201373200849677,-0.006012118870291114,0,-0.2830928153427592,-1.3279858141687508,0.6758032352793849,0.39036832370205254,-1.47979620117607,1.9827911966333343,-0.1449424925384387,1.2231914648623683,0,-1.5719986117412936,0.040504836917074946,-0.7854281471581014,0,2.085575589446209,-0.08838149284825504,0.2298913631894645,0.6839142625096257,1.4759047323459213,0,-0.31472984724518915,0,0,-0.5118248018490307,-0.4729203036928025,-1.5140271530094909,0,0,-0.6337330977823176,2.9262234696488623,0,0,0,0,0,-0.7776120913979219,0,0,0,0.32403869533659957,0,0,0,0,0,0,0,0,0,0,0,0,0,0,0,0,0,0,0,0,0,0,0,0,-0.7776120913979219,-0.9963367871192141,0,0,0,0,0,0,0,0,0,0,0,0,0,0,L2_Logistic_Regression
-1.3947045662216553,-0.9765334230716243,0.25017128096187385,0.7091598540516466,0.37999074974683617,1.365690877802578,0.25351415018133916,0.654531742278761,1.4021090653513226,0.6459605083275612,-1.3612337152135516,1.1472218440237663,-0.2661693491870972,-1.1899456066422642,3.7061331268561557,1.198865737922456,0.6971353916935277,0.8100440524298236,0.2060684397251853,-0.5263334781733133,-0.5263334781733133,0,1.5552373990655863,0.6927395859910863,0.6213476102111414,0.6577729210364919,-0.3879373970614223,0,-0.7409629307204942,0.45376969819374596,-1.7067887248136275,-0.40994920311026417,0.9295964751567038,-0.7013017922348115,0,0,-0.30028232980565805,1.1927437379512864,0,0.7867696900348157,0,0,0,-0.8514251690201723,0.7867696900348157,0,0,0,0,0,0,0,0,0,-1.8147273081301518,0,0,0,0,0,0,0,0,0,0,0,0,0,0,0,0,0,-0.8514251690201723,-0.7175643268508393,0,0,0,0,0,0,0,0,0,0,0,0,0,0,L2_Logistic_Regression
-1.3404508530222774e-6,-2.627491701136002e-7,4.077412708182825e-7,-1.2137016935407344e-6,-5.332887995137495e-7,2.6073694732605356e-7,3.690021266341604e-7,5.151780829278623e-7,5.263135595676715e-7,6.315762714812058e-7,-1.628524173650986e-6,2.2365894148726013e-7,-5.768297073654198e-7,-3.975464767802745e-7,2.635647747912526e-7,3.476175748192193e-7,-1.1908466895896291e-7,4.999978815892879e-7,1.7149685793642245e-7,-4.3749814639062697e-7,-4.999978815892879e-7,-4.999978815892879e-7,1.0333289552845286e-6,4.80390121526963e-7,5.78866595054265e-7,6.249973519866099e-7,-8.163230719825109e-8,0,-7.49996822383932e-7,-3.9999830527143036e-7,-1.3333276842381014e-6,4.999978815892879e-7,-3.333319210595253e-7,-4.999978815892879e-7,0,0,-9.999957631785759e-7,4.99997881589288e-7,0,0,0,0,0,0,0,0,0,4.999978815892879e-7,0,0,0,0,0,0,-4.999978815892879e-7,0,0,0,-4.999978815892879e-7,-1.999991526357151e-6,0,0,0,0,0,0,0,0,0,0,0,0,0,0,0,0,0,0,0,0,0,0,0,0,0,0,0,0,L2_Logistic_Regression
-0.013613872501574767,0.001432776975941336,0.008074891453425713,-0.016880894304250355,-0.005100513529444985,9.438666215166969e-4,0.0013008917682163,0.005148840421044737,0.00532776949488053,7.04502825254459e-4,-0.02136349433369074,-0.0022453265680657075,-0.0049428742399904866,-4.493454352257373e-4,0.010910484411871008,0.0037963553451009755,-0.0010076633038232066,0.005020925193405304,-0.0033060803852060835,-0.004208794825607588,-0.007285626554971617,-0.004886059160844004,0.00533743141867163,0.004987101338143425,0.0051743373382051846,0.006911153694639407,-0.0016885667583623639,0,1.0650004847965046e-4,-0.003874167288347586,-0.012920864707122781,0.004987101338143425,0.005044794087271187,1.2039520130356705e-4,0,0,-0.004848515577219784,-0.002229902416140941,0,0,0,0,0,-0.004866706136839858,0,0,0,0.004997088393569484,0,0,0,0,0,0,-0.004847868554103042,0,0,0,-0.004886059160844004,0,0,0,0,0,0,0,0,0,0,0,0,0,-0.004866706136839858,-0.01801892102831474,0,0,0,0,0,0,0,0,0,0,0,0,0,0,L2_Logistic_Regression
-0.9902773087502423,-1.0772680740953369,1.738444804950788,-0.11241681430004215,0.48108469711493324,-0.18913844530268098,1.697456163520004,-0.00624570618223596,1.9563179965397952,0.5584650679340856,-1.3386668290145418,0.7668048705641706,0.5568137027167898,-0.8675264275109834,2.023809570959868,0.19972935184620902,1.465742729467625,-7.585285281104586e-4,-1.4010519713121539,0.03842343860018405,-0.68765028026826025,0,1.684833874672992,-0.08348478475135153,0.20512952869667825,0.2648631652735619,1.494417431214814,0,0.4137595767982893,-1.6818677905608468,-1.1720834657054198,0,-1.321322296423887,-1.6718574538612967,0,0,-1.0829402626349658,2.463252051433174,0,0,0,0,0,-0.8802177915847784,0,0,0,0.3073875088014724,0,0,0,0,0,0,0,0,0,0,0,0,0,0,0,0,0,0,0,0,0,0,0,0,-0.8802177915847784,-0.6834254198291921,0,0,0,0,0,0,0,0,0,0,0,0,0,0,L2_Logistic_Regression
0.009068532987171214,-0.9527621264687399,0.8588078740544987,-0.40774398875101137,0.18744139387962433,1.1958001583160454,0.7293883772782582,0.582881675299957,2.2595996456665115,1.0426780237794424,-2.32166180284688,0.3953742241858469,-0.5645209170591217,-1.4383990735854346,1.2665085324521095,1.061514856838528,-0.01426175955025203,0.770381199506597,-1.4046059734693683,-0.17740315460317238,-1.063929331535105,-1.0796140472856999,1.5178236942294834,0.6602398587723789,0.2241879601090106,0.5286421614290459,-0.23006655232509657,0,-1.036208461688813,-1.3955502208894164,-1.5457721124107553,0.5854240296917347,0.8890298240987905,-0.6345889385252297,0,0,-0.5607955259147708,1.8926782837133498,0,1.0946838053620602,0,0,0,-0.9158423965677157,1.0946838053620602,0,0,0.7830806076094996,0,0,0,0,0,0,0,0,0,0,-1.0796140472856999,0,0,0,0,0,0,0,0,0,0,0,0,0,-0.9158423965677157,-0.5635142771751187,0,0,0,0,0,0,0,0,0,0,0,0,0,0,L2_Logistic_Regression
-0.8456926518988954,-2.3203810021255995,-0.18116343407161734,0.5681519017591828,1.9503354925578045,0.5966726191503683,2.0492322254412114,0.009605208231225735,2.105361498702576,0.4676544748725484,-1.036019612945484,0.9505873234823473,0.2531336002366878,-0.484147393655411,1.711363157191107,0.06523422341976201,1.2889829978749032,0.013671178563003742,-1.4455544345742484,0,-0.7309245690542728,0,2.3109756037616087,-0.07882220594966563,0.6643427041365632,0.7801397109320305,1.1759748808698025,0,-0.7165554005517816,0.42107229974051524,-1.2840453284596631,0,0.06877101079786417,-1.2370104886648277,0,0,-0.303984941893002,1.6910885276907521,0,0,0,0,0,-1.0863625419214686,0,0,0,0,0,0,0,0,0,0,0,0,0,0,0,0,0,0,0,0,0,0,0,0,0,0,0,0,-1.0863625419214686,-1.5257908210456104,0,0,0,0,0,0,0,0,0,0,0,0,0,0,L2_Logistic_Regression
-0.5165980976221445,-1.6055946891534674,1.6719415729691571,0.4739822059296451,-0.1714097424382705,0.39876787100457367,0.8030815666805804,0.006039021741608204,0,0.37992392790751855,-1.4991800947807297,-0.203267700275404,0.07805195453782103,-1.2372865332165237,2.2983599887309905,0.35770505698175975,0.42325166394352304,0,-0.006763141573972972,0.04099640150609246,0,-0.8341289558583397,2.5445340706062387,-0.09611019263000783,0.6250711449440054,1.1268912341100734,1.5931736223386839,0,-0.9037494861824904,0,-1.2835027511592474,0,-0.04038825365550252,-0.8413324535855475,0,0,-0.7027938886688999,3.331117991690505,0,0,0,0,0,0,0,0,0,0.3279712120487397,0,0,0,0,0,0,-1.9615802545628935,0,0,0,-0.8341289558583397,-0.8821225031771377,0,0,0,0,0,0,0,0,0,0,0,0,0,0,0,0,0,0,0,0,0,0,0,0,0,0,0,0,L2_Logistic_Regression
-0.07755771976233011,-1.7791429094061453,1.5468340173506707,0.7329414190813327,-0.16805944971676104,0.7842454274181131,0.8039480150456764,0.9104475952194888,0.19285697542510294,0.2855756082446819,-1.3783448446652642,-0.42670746576796054,-0.6046754776177572,-1.528502770001849,1.472284191572989,0.8669122514233902,0.5806339238813739,1.1409564308492197,-1.2888999329401556,0,-0.7839020585054464,0,2.2245687864645163,0.8414327174160728,0.29081102636234024,0.7363531726274252,1.2718558805274507,0,-0.26178471924833085,-1.655345851077731,-1.8302141952604867,0.21143134298340666,-0.09487990535563853,-0.48582241921346453,0,0,-0.5643929117441757,2.672977469559071,0,1.3709012361098094,0,0,0,-1.0656352385051377,1.3709012361098094,0,0,0,0,0,0,0,0,0,-1.7446525366408143,0,0,0,0,0,0,0,0,0,0,0,0,0,0,0,0,0,-1.0656352385051377,-0.5937125720552746,0,0,0,0,0,0,0,0,0,0,0,0,0,0,L2_Logistic_Regression
-0.7890728609434257,-0.5877254875792838,0.6972780029346392,-0.20254844446802345,-0.421672887881097,1.6822098971130397,1.0285132724701838,0.6804032800000427,1.9975060333168426,0.807533433306524,-1.747906363076868,0.604526498947719,-1.141039110633475,-0.6022868873325842,2.3253582882366315,0.6383778828575946,-0.3355670970439935,0.774759046120154,-1.2139438391499924,0.07273195587216083,-0.7566742816153321,-0.759694974533578,0.6761392097020212,0.6851066956387165,0.690403300140277,0.8709590069556313,1.4448607998622254,0,-1.213689354330193,0.529102487454638,-1.0606610564787733,-0.38756569666178614,0,-0.0692705912005398,0,0,-0.46122469873428185,2.805114766901757,0,0.5964982199426544,0,0,0,-1.20401383794506,0.5964982199426544,0,0,0.5818556469772866,0,0,0,0,0,0,-0.5627322663601703,0,0,0,-0.759694974533578,0,0,0,0,0,0,0,0,0,0,0,0,0,-1.20401383794506,-0.6565246759416238,0,0,0,0,0,0,0,0,0,0,0,0,0,0,L2_Logistic_Regression
-0.17091300495750159,-1.2660514941939325,-0.2475801161834574,-0.3134044997700676,1.0847102439849643,0.7720268960611416,1.5453540907241325,0.93033009941229206,0.047926990691251406,-0.19841920191470108,-1.5598948812444242,-0.870590205963081,-0.18831001467950673,-0.6751557111523101,2.5167536408878934,1.333186972278504,1.0847259039005877,0.9368801251297194,-1.8184568804292043,-0.24787797726432134,-1.3594132182081728,0,1.1643019032888882,0.9106128231337768,0.751545272122984,0.9620435494585741,1.2621367910951258,0,-1.3481278802429422,0,-1.276595134214313,0.10230826881546085,0.4720920323553799,-0.3774895620409457,0,0,0,1.5777453680980964,0,0,0,0,0,-1.0161040055850363,0,0,0,0,0,0,0,0,0,0,-2.136014229018636,0,0,0,0,0,0,0,0,0,0,0,0,0,0,0,0,0,-1.0161040055850363,-0.8232975588306932,0,0,0,0,0,0,0,0,0,0,0,0,0,0,L2_Logistic_Regression
-0.6320644134601395,-1.1340603867879302,1.0850924813022143,-0.26920062786476634,0.35063451470086554,1.4346393672449091,2.0293003441405006,0.453666554338213,2.114154490145619,1.7988283609515074,-1.9668836120948578,-0.25312260982243456,-0.5618740425993066,-0.5001611209125371,2.622928413480461,0.3513010384614133,-0.4318563565808314,0.5747269454402634,-1.5247582783182563,-0.3062748067222474,-1.1945813739371813,-1.038622387443297,0.2960684174257247,0.4766437085516909,0.010540504705824112,0.6352446737103149,1.2285588483777958,0,-1.3139583983038892,0.5210095469901848,-1.1017521763201734,-0.19646169227285992,0.9141423557875324,0.9089291102459738,0,0,-0.7088560331803015,1.0858126759213156,0,0.4499297038042536,0,0,0,0,0.4499297038042536,0,0,0,0,0,0,0,0,0,-0.6091137151249915,0,0,0,-1.038622387443297,-0.7429111589527122,0,0,0,0,0,0,0,0,0,0,0,0,0,0,0,0,0,0,0,0,0,0,0,0,0,0,0,0,L2_Logistic_Regression
-0.11009289575424056,-0.17405605613331984,0.13585255515966865,0.05150451324570481,-0.010889786709904514,0.12577681149872608,0.1322532364625877,0.002956473859314219,0.14004817283749788,0.11184852595977206,-0.3063175165929793,-0.004827039537636706,-0.06435503713033264,-0.014881196656492094,0.1136552668956512,0.05602108851246439,0.016817303313278586,0.019889982501627733,-0.10620549746784244,0,-0.052503993121558123,-0.0987939646045517,0.2317359486797278,-1.4695850971768604e-5,0.11689082510957984,0.12290306669994781,-0.005369179051170993,0,-0.1308873379109567,-0.05169464930485586,-0.07229219919521657,-0.091788143604234207,-0.07589359312040804,0.02394870526521781,0,0,-0.09801358485863879,-0.07082577737690801,0,0.11164529643434402,0,0,0,0,0.11164529643434402,0,0,0,0,0,0,0,0,0,-0.0943813870601046,0,0,0,-0.0987939646045517,-0.16535615542058743,0,0,0,0,0,0,0,0,0,0,0,0,0,0,0,0,0,0,0,0,0,0,0,0,0,0,0,0,L2_Logistic_Regression
-0.002268827739780585,-6.756939473032778e-4,0.002271181378483043,-0.004768031867463325,-6.08227229649307e-4,-2.3084240598110508e-4,9.284742281221007e-4,3.563942883329073e-5,0,-0.0012058550890764847,-0.006032188414402001,-3.231277794252445e-4,-0.0012966591683023865,-0.0012128896046168737,0.0024587034678410415,-1.4127802384855165e-5,-2.983297508591604e-4,8.134348103190054e-6,-5.371195650335036e-5,-0.0010833339975400787,-0.0012395802409211035,-0.001244106253392817,0.002502770105993587,2.4557456161262072e-5,0.0013954167029544605,0.00164488085328358,-4.3030074467222595e-4,0,-6.202449699720414e-4,0,-0.0033082259732831235,-0.0012431349028055936,0.0012519208140032612,-0.0024834838841080466,0,0,-0.0012410088032611384,0.001891810640064645,0,0,0,0,0,-0.0012395881603005925,0,0,0,0.0012499699470481982,0,0,0,0,0,0,-0.0012413072576188458,0,0,0,-0.001244106253392817,0,0,0,0,0,0,0,0,0,0,0,0,0,-0.0012395881603005925,-0.004874023056464365,0,0,0,0,0,0,0,0,0,0,0,0,0,0,L2_Logistic_Regression
-1.7581284147053011e-6,-4.2472451005814803e-7,9.338927038292722e-7,-1.1479872323081014e-6,-3.839554382857268e-7,6.297617003939307e-7,-2.896668088942526e-7,5.161270940478652e-7,5.789451943102699e-7,2.2368337052896797e-7,-1.749993428256043e-6,-2.402948462353162e-7,-2.718665913535222e-8,1.2784540431592807e-7,5.813931655335691e-7,5.238075567569109e-7,3.7460427148338006e-7,5.84413389770107e-7,-3.3816298130551554e-7,-4.374983570640107e-7,-7.499971835383041e-7,-4.999981223588694e-7,5.333313305161274e-7,5.196058918631388e-7,5.178551981574005e-7,6.249976529485867e-7,-1.7346873632858735e-7,0,-4.999981223588694e-7,-2.749989672973782e-7,-8.33330203931449e-7,4.999981223588694e-7,0,4.999981223588694e-7,0,0,0,0,0,4.999981223588694e-7,0,0,0,-4.999981223588694e-7,4.999981223588694e-7,0,0,4.999981223588694e-7,0,0,0,0,0,0,0,0,0,0,-4.999981223588694e-7,0,0,0,0,0,0,0,0,0,0,0,0,0,-4.999981223588694e-7,-1.9999924894354767e-6,0,0,0,0,0,0,0,0,0,0,0,0,0,0,L2_Logistic_Regression
-0.004771999261840695,3.042366096532e-4,0.0012129182846982404,-0.002044878985076858,-0.00219166030322614,0.0018546022545693898,4.6955143867941524e-4,0.0012874591863275668,0.0014509154355734142,7.02236208315487e-4,-0.006464409278997521,5.605332714629883e-4,-0.0019636926561838334,-9.008873513845132e-4,4.626968220173964e-4,0.0018854250545663623,-2.9716426412218266e-4,0.0014608814128562895,-8.379516918562134e-4,0,-6.214190388449863e-4,-0.0012414189711225812,0.002500272131858906,0.0013231152956809213,0.001438889740651759,0.0016441004795393266,-3.799035705144688e-4,0,-6.125707829022454e-4,-6.80691216643438e-4,-0.0020688058019318854,5.319189213075663e-6,0.0012555124563266265,-0.00122145783238982,0,0,-0.0012407065147570903,-6.070041034121379e-4,0,0.0012516383886055275,0,0,0,-0.0012417048984633271,0.0012516383886055275,0,0,0,0,0,0,0,0,0,-0.0012400068799067272,0,0,0,-0.0012414189711225812,0,0,0,0,0,0,0,0,0,0,0,0,0,-0.0012417048984633271,-0.0048665833285035775,0,0,0,0,0,0,0,0,0,0,0,0,0,0,L2_Logistic_Regression
-1.20219036166351,-1.3363503489419502,1.4494360246069549,0.47520054987735044,0.9458640254900378,0.7832591547422384,0.7268732746342227,0.025969485807212568,1.8695211855490534,1.5407622004956907,-1.8989311750619235,-0.4039328471547914,0.6910337555165565,-1.8770700227936656,2.332178037789546,-0.5991161123193351,1.311848666036309,0.20542647820732948,0.013487712147108134,-0.5859887236711493,-0.6301469000031535,0,1.0031292374038407,-0.0850515296217117,0.8974996592736855,1.301712841916139,1.4422562733796969,0,0.3637050090335185,-1.4241236666842776,-0.6301469000031535,-0.3271479423591902,-0.15222854695798205,-0.27420257116554453,0,0,0,2.367770667963972,0,1.22981544731119,0,0,0,0,1.22981544731119,0,0,0.35326541065603423,-0.7943295726761668,0,0,0,0,0,0,0,0,0,0,0,0,0,0,0,0,0,0,0,0,0,0,0,0,0,0,0,0,0,0,0,0,0,0,0,0,0,0,0,L2_Logistic_Regression
-1.320887947740166,-1.474421614735593,1.777176647068637,-0.02559832603850821,0.18158143176757,1.5936281978848503,1.6819527993021943,0.01211642983030977,1.9903678719776277,1.6611970797658386,-1.4122345225593964,1.0101662920374892,-0.033125841435050506,-1.0388883514815193,1.792338702220049,0.3322597320082095,0.19823739088476805,0.1440041759613812,-0.8672070765662394,-0.3754943569965037,-0.9089057523383164,0,1.5168930380592234,0.05800133652255531,0.514189277453124,1.0568617154100488,1.4362852042344523,0,-1.0618233444211593,-1.4575582722222542,-0.8680792349696052,0,1.445709156875557,-0.25679577422743083,0,0,-0.42992985272461476,1.7463226821589493,0,0.8588049510533463,0,0,0,0,0.8588049510533463,0,0,0.5012402019878931,-1.0330490091122364,0,0,0,0,0,0,0,0,0,0,0,0,0,0,0,0,0,0,0,0,0,0,0,0,0,0,0,0,0,0,0,0,0,0,0,0,0,0,0,L2_Logistic_Regression
-1.4549483137668933e-6,-1.5394727854812047e-8,5.323291071088348e-7,-1.734137151410064e-6,-1.5852824782508886e-9,3.2970231220082226e-7,4.7232292240562433e-7,5.151783014168858e-7,2.6315689138964697e-8,3.157882696675765e-7,-2.7358652750884686e-6,-4.953770391704556e-7,-4.08981892197527e-7,-4.3432408834606547e-7,3.4108397085541845e-7,5.523788463074115e-7,-4.731843157479457e-9,4.999980936403293e-7,-3.164239143327688e-7,0,-2.4999904682016466e-7,0,9.999961872806586e-7,5.098019778293553e-7,5.758906614250223e-7,8.437467830180557e-7,-8.163234181882927e-8,0,-9.999961872806586e-7,-4.999980936403293e-7,-8.333301560672155e-7,0,4.999980936403293e-7,-4.999980936403293e-7,0,0,-4.999980936403293e-7,4.999980936403294e-7,-1.9999923745613164e-6,0,0,0,0,0,0,0,0,0,0,0,0,0,0,0,0,0,0,0,0,0,0,0,0,0,0,0,0,0,0,0,0,0,0,0,0,0,0,0,0,0,0,0,0,0,0,0,0,0,L2_Logistic_Regression
-0.14187416677149384,-1.3773024289132278,1.3298334295192489,0.4455307222397255,1.5866043293796788,0.04984966872093228,-0.05487062081531718,0.782231509819771,1.7748695989740382,0.6799478266821715,-2.9246150914926154,-0.16610445496651247,-0.4793356875540057,-0.44317567254197116,1.6446864782389368,0.062426403611035845,0.6301761655342938,0.9576811434133409,-2.091201932120346,-0.3694578833859488,-1.5364070492672677,0,0.4147876812979631,0.70369336580348,0.016042245167550803,0.09233345322667821,-0.4725647988122145,0,-0.679280473499671,0.5293340033867221,-1.2314572186400465,0.09157168544402453,-1.3262272988604515,0.5371832818970309,0,0,-0.8258114894809778,1.6891792327747812,0,0.7978681570336783,0,0,0,-1.050109349387278,0.7978681570336783,0,0,0.28950276618495896,0,0,0,0,0,0,-2.1251659844527286,0,0,0,0,0,0,0,0,0,0,0,0,0,0,0,0,0,-1.050109349387278,-0.2376924269641981,0,0,0,0,0,0,0,0,0,0,0,0,0,0,L2_Logistic_Regression
0.029600082065838317,-1.105118887470041,0.4857913878994855,-0.23605546833915414,0.9941316884606654,0.9346050190338785,0.9306496214110553,0.7325054931449508,0.15248325572072946,0.9508063900144242,-2.0175379858221003,-0.2645195817102974,-0.07048768527194925,-1.9220353411565954,1.7419615058622164,0.613706473175998,0.6387087791270738,0.9506417031860067,-1.9018614560140983,0,-1.0447260916164365,-1.4198083249082083,2.1663975470779215,0.6569168345545137,0.25194826705238177,0.31821314803129036,-0.22365950105138904,0,-1.4904485545588508,0.2694355335322776,-1.3741037014161495,0.7416975904356394,-0.6987499031706048,-0.3695690957636541,0,0,-0.7842020060672844,2.2531117890567725,0,1.0777421341291105,0,0,0,0,1.0777421341291105,0,0,0,0,0,0,0,0,0,-2.1586754448629812,0,0,0,-1.4198083249082083,-0.4876762463618152,0,0,0,0,0,0,0,0,0,0,0,0,0,0,0,0,0,0,0,0,0,0,0,0,0,0,0,0,L2_Logistic_Regression
-0.8573517463893429,-0.8397266429729014,1.4521138046914475,0.08226548915549889,-0.27362507380120865,0.6625577045232658,1.2665371613173548,0.7420765183709085,0.17254645020362616,-0.14149307080532222,-1.1356856307315613,-1.6498286818232923,-0.30160362673182267,-0.26001057624328316,2.949975237375521,0.2476030320786145,1.207885829563862,0.975460100377666,-1.4487696697602575,-0.35190348398271976,-1.2168808008623788,-0.8892835112944336,0.2526904170489076,0.6823464806751243,0.02086687637212216,-0.23393524234350405,0.8636769885492794,0,-1.4282159585654999,-0.9994478888037929,-1.2751421779179684,0.7491054698188072,-1.3186634511950934,0.271054393924258,0,0,-0.7080733570809016,1.686329544435893,0,1.2646385420250448,0,0,0,-1.1592095395522655,1.2646385420250448,0,0,0.16798861817031557,0,0,0,0,0,0,-1.8822679939935218,0,0,0,-0.8892835112944336,0,0,0,0,0,0,0,0,0,0,0,0,0,-1.1592095395522655,-0.455611577284326,0,0,0,0,0,0,0,0,0,0,0,0,0,0,L2_Logistic_Regression
-0.9408937961004175,-1.0011778639093927,-0.04758890134459774,0.0018306852090500087,1.4451104063047002,0.36032691386810695,1.8273181647087329,0.6151974076946641,1.757559694395489,1.5484539828553985,-2.241616307328188,-0.2541975401374789,0.5714266150352649,-0.908696098085693,2.352545791281199,-0.0839335472789148,1.3504549268083255,0.7976504924233458,-1.6976039388839548,0,-0.9247959961586123,-1.2301442663226363,0.34095850005441036,0.5136288191417818,0.015115886318845945,0.3197672570215459,-0.168302338816209,0,0.24029872925433407,0.5296926855832483,-1.1307012641694478,0.6229633940741941,-0.5481256136586132,0.6792911535545711,0,0,-0.7060622694467701,2.736796374658539,0,0.80690272786062045,0,0,0,0,0.80690272786062045,0,0,0,0,0,0,0,0,0,0,0,0,0,-1.2301442663226363,-0.8217116913767485,0,0,0,0,0,0,0,0,0,0,0,0,0,0,0,0,0,0,0,0,0,0,0,0,0,0,0,0,L2_Logistic_Regression
0.7291549245676255,-0.4855204922739142,1.1403492643931032,-1.0842725055274471,-0.8036567895733666,0.7335917897491295,1.9260049540138522,1.0794743822687944,0.2040603938821986,0.1644274973192293,-1.7272096570188002,-1.311495025018316,-0.7880315369185209,-2.232672829304107,1.8263508779408963,0.26439276986545107,-0.13594910454881512,1.3374113139427943,-1.5762670155269543,-0.20597434337640894,-1.2370289852158736,-1.148154915374209,0.20772959457103254,1.025407764035833,0.0233162078427033,0.16838146156280928,1.5466496336241558,0,0,-0.7907535000070516,-1.0057244282077829,0.017156220064269374,-1.3515645678497492,-0.11949790154522737,0,0,0,1.2064896189303262,0,1.3935668515069908,0,0,0,-1.203088514343946,1.3935668515069908,0,0,0.3903751253351291,0,0,0,0,0,0,-0.35891526138888064,0,0,0,-1.148154915374209,0,0,0,0,0,0,0,0,0,0,0,0,0,-1.203088514343946,-0.22551453883990183,0,0,0,0,0,0,0,0,0,0,0,0,0,0,L2_Logistic_Regression
0.321571164255559,0.1148927797491553,0.07946402275629591,0.10225601850341383,0.07874396235558395,-0.6317147959535024,-0.826219238970523,-0.1999296029126921,-0.03741324606927279,-0.2952873009295232,0.6709768863686602,-0.02629276188225793,-0.03268977358329724,0.3102066033773198,0.08049790973958375,-0.30600393943340654,-0.15778139394722887,-0.23720935491539025,0.17630644706742749,0.1896608137077922,0.3260292508601633,0.24627233416109917,-0.5797897269643217,-0.21009595554623897,-0.24905352006683049,-0.2911517886281903,-0.4106977361428312,0,0.1166258110149457,-0.06466393381358344,0.5452158767841697,-0.1935402048075157,0,-0.1241340148572023,0,0,0.47932320582049615,-0.5437038217104455,0,-0.2586557352543338,0,0,0,0,-0.2586557352543338,0,0,0,0,0,0,0,0,0,0.3347006388839035,0,0,0,0.24627233416109917,0.2766293432628693,0,0,0,0,0,0,0,0,0,0,0,0,0,0,0,0,0,0,0,0,0,0,0,0,0,0,0,0,L2_Logistic_Regression
0.06060720645008428,-0.7640815759453364,0.14362991219517768,-0.7725881421091616,0.16568652649965251,0.6021011330008122,1.751455318658242,0.7215917208584657,1.7827845078527023,1.835500603418641,-2.3271736339237785,0.6423109193663727,-0.1226581663360295,-2.0240833773711087,2.616242480349886,0.12886914630652396,-0.003641917250330755,0.9281117752835643,-1.6797996772905535,-0.07771246613337346,-1.0720905069165003,0,1.8287089946667288,0.6365821764959332,0.262300679241727,0.32621949475163675,-0.09153659227238152,0,0.6259134765067949,-0.9377677109106145,-1.0531899745568654,0.7290394188735762,-0.014010369439646127,0.13921890194907974,0,0,-1.095368709313901,0.9427511163467583,0,1.0236991284110937,0,0,0,0,1.0236991284110937,0,0,0.597418866307678,-0.8366314271859446,0,0,0,0,0,0,0,0,0,0,0,0,0,0,0,0,0,0,0,0,0,0,0,0,0,0,0,0,0,0,0,0,0,0,0,0,0,0,0,L2_Logistic_Regression
0.06395600539001964,-1.3149502005260072,0.522261781295236,0.031798684541972724,-0.026013851097457803,0.30946976874942816,2.826297999351435,0.0072815405181844445,1.4196206476052884,1.1850681029106425,-1.6192103140941323,1.1379333252782833,-0.7721771283730129,-0.6923381426721876,1.3662534396731352,-0.3307202154288779,-0.4663574398994813,0.009218315893540835,-1.2942835683484202,-0.2487870835791341,-1.0069562831154284,-0.9572026448359373,1.6988537561559178,-0.08252406139780358,0.5167510351802391,0.8622786602917641,1.4738745166129086,0,0.49498209199786497,0.28392412952105767,-0.8744016263730148,-0.5909307012776244,-1.2019312278961374,-0.4296564636095584,0,0,-1.1292364233904508,2.221603087554228,0,0,0,0,0,0,0,0,0,0.7970889789173731,0,0,0,0,0,0,-0.6603870316653546,0,0,0,-0.9572026448359373,-0.9156405416093113,0,0,0,0,0,0,0,0,0,0,0,0,0,0,0,0,0,0,0,0,0,0,0,0,0,0,0,0,L2_Logistic_Regression
-0.8116787858849339,-0.5241975506330114,1.5226550338052944,0.030869224806427772,0.7644279794799856,-0.5169991152498785,0.48370703795777453,0.9335455006089766,2.0157143085258316,1.7984890554616595,-1.6404667846010481,-0.3282199228805177,-0.06522718453062448,-1.5445142104168375,2.0175293323085843,0.6337270616417986,0.40629927915450664,0.9717392645552453,-1.4570278832314965,-0.2748822317493205,-1.131549814306031,-1.1568434411280233,2.1784541489933433,0.7922978174105818,0.23395240126112118,0.7587590737041731,-0.18832351268024042,0,-0.8492065686020364,-1.5092648395963415,-1.484105292633916,-0.13320786629571463,-0.48422238893537073,-0.579851404763169,0,0,-1.0659150815815084,2.0516529067219227,0,0,0,0,0,0,0,0,0,0,0,0,0,0,0,0,-2.112895472110964,0,0,0,-1.1568434411280233,-0.3845130187917847,0,0,0,0,0,0,0,0,0,0,0,0,0,0,0,0,0,0,0,0,0,0,0,0,0,0,0,0,L2_Logistic_Regression
0.7001945860334561,-1.2205631428426087,1.305648125745206,-0.5901387706379649,0.682852111400014,0.6445416119892505,0.43788421720959375,0.009943694399325085,2.227708007691754,1.07308284048359,-2.552809781930422,0.31434135097088783,-0.9654760592376793,-1.7802585691499262,1.979984163633398,-0.5330814730863539,-0.47135973850006235,0.26626119008867305,-0.09416872110953975,-0.59552769067301,-0.59552769067301,-1.6294892866678425,2.154348209613872,-0.05886574813104164,0.6859085320792596,0.508251096391851,-0.33980600882725953,0,-0.9840324424680336,-1.0367188405730556,-0.59552769067301,-0.5236080841104745,-0.49872694326669675,-1.2104675319879734,0,0,-0.8784416182331303,0.6509983027668376,0,1.4503912561460077,0,0,0,-0.6738447997764775,1.4503912561460077,0,0,0,0,0,0,0,0,0,-0.4628569650013056,0,0,0,-1.6294892866678425,0,0,0,0,0,0,0,0,0,0,0,0,0,-0.6738447997764775,-0.2840702388545428,0,0,0,0,0,0,0,0,0,0,0,0,0,0,L2_Logistic_Regression
-1.299507902071672,-1.1563456858202008,1.1960380733336013,-0.320908203110286,0.31784757501926586,1.5791598399075464,1.4215862916399724,0.5963100574831233,0.14743005513176452,0.8285728780440775,-1.3618841798473844,-0.9240104961139483,1.0045511265522105,-1.5710351714189852,3.0189194739692526,0.7894539053335077,1.5460156066004473,0.7783734786898099,0.26846513554651674,0,0,-0.9062243128119801,0.8751946208433834,0.617375779446027,0.7685187200220437,0.9573000192214562,0.9662239460201603,0,-1.2788788427754973,-1.2397165165753619,-1.0491559562343793,-0.11010887547447801,0.8301274162524412,-0.1171324173549465,0,0,-0.8732905875851361,1.965668529449102,0,1.1137355867093246,0,0,0,0,1.1137355867093246,0,0,0,0,0,0,0,0,0,0,0,0,0,-0.9062243128119801,-0.6466851395188059,0,0,0,0,0,0,0,0,0,0,0,0,0,0,0,0,0,0,0,0,0,0,0,0,0,0,0,0,L2_Logistic_Regression
-0.1527279261321629,-1.1437988304119324,0.5243411424819528,-0.27928429216571304,0.15488492679338017,1.0990195214048053,2.4756018035832286,0.023062549409002424,1.6852845535811642,0.4244694046589923,-1.4294160157372233,1.0269327471129377,-1.113012535757195,-1.4184654912312982,1.4661350607975527,-0.7588366077672114,-0.3819618425863983,0.20033500358571457,-1.365353973145134,0.10324023117216516,-0.6893571933128523,-0.9484155117156963,0.9780650952394166,-0.05934486544251824,0.7270636975015643,0.7223533392516966,1.3708762686426312,0,0.7833611670372918,0.5949297381430461,-0.5424794065670282,0,-1.173171179598548,-0.8039624501042328,0,0,-1.181445646393943,2.2938290721730126,0,1.1263410853125178,0,0,0,-1.1544266120017528,1.1263410853125178,0,0,0.8259218493773213,0,0,0,0,0,0,-0.6020934995067729,0,0,0,-0.9484155117156963,0,0,0,0,0,0,0,0,0,0,0,0,0,-1.1544266120017528,-0.9177794450067954,0,0,0,0,0,0,0,0,0,0,0,0,0,0,L2_Logistic_Regression
-0.6704735192651844,-1.376558734952783,1.3422072511258492,0.21559247006914192,0.724066859584423,1.0418563591391146,1.2443140213667723,0.008936756168954778,1.7012749312928857,1.2443006194044375,-2.235610154402072,0.7181857273350749,-0.6509200256568779,-0.3029300882976451,2.446804219344003,0.4319149460118695,-0.5253522609625445,0.14275942355129387,-1.6318576933598286,-0.5052963182131444,-1.356939957352889,-1.1285192928008205,1.6146932489332146,0.04462619884496005,0.4563823071925629,1.1007830518613166,-0.01270292517515218,0,-1.0988800993528012,0.47980475652798427,-0.5360443700747072,-0.5001523129104986,1.0272274663082905,0.40204662101705135,0,0,-0.7313298000384633,0.029820035090520152,0,0.6095277322112036,0,0,0,0,0.6095277322112036,0,0,0.2459844148925029,0,0,0,0,0,0,-0.5253522609625445,0,0,0,-1.1285192928008205,-0.7470066938055909,0,0,0,0,0,0,0,0,0,0,0,0,0,0,0,0,0,0,0,0,0,0,0,0,0,0,0,0,L2_Logistic_Regression
0.5819262141486911,-1.010828748646456,-0.16545440046918097,-0.17941543533631038,0.5027639956773773,0.48543276409841735,0.9007143106170002,0.6550344971032346,2.0438608421798863,1.9757517473058357,-2.0199959645727055,-0.0655817533061511,-0.920370868051415,-0.8478755148980092,2.0755189970543912,-0.03761605138786635,-0.4209602485601673,0.6864813764912464,-1.9639430060622138,-0.27120476754101003,-1.3914716517692687,-1.4377307881915187,2.039321958540096,0.5576434349752135,0.2660769204314054,0.6868440774958633,1.6268090986129506,0,-1.1141184250538125,-1.3553316746248323,-0.9566126550329805,0.6601180908332615,-0.4187376062528724,0.20638427471633686,0,0,-1.231466598980611,1.5074966849080338,0,0,0,0,0,0,0,0,0,0,0,0,0,0,0,0,-0.6681018385743072,0,0,0,-1.4377307881915187,-0.5977591655456088,0,0,0,0,0,0,0,0,0,0,0,0,0,0,0,0,0,0,0,0,0,0,0,0,0,0,0,0,L2_Logistic_Regression
-0.1787837473011512,-0.7707487919238201,0.9745694162337761,0.1088538827195118,-0.2801074373410743,0.6907264488750088,0.32713792811678494,0.005446307176012577,0.15764014175854085,-0.056350091023016045,-1.9040703626971214,-0.44509463323773724,0.08152053573154268,-1.9243448142052006,3.0656699951281627,0.22805741797958318,1.0240625491789384,0.2589023294651257,-0.05324244441910063,0,0,-1.136696614274448,2.4394870255026686,-0.07473083093423824,0.6265018973302688,0.6825857555295789,1.3280012665258747,0,-0.4084607617306417,-1.431253993168068,-1.3770188713407838,0,-0.3937483587467926,-0.586611584606759,0,0,-1.1186411656799014,1.9676671345499186,0,1.497581346706138,0,0,0,-0.8221453686608868,1.497581346706138,0,0,0,0,0,0,0,0,0,-1.9112882936871842,0,0,0,-1.136696614274448,0,0,0,0,0,0,0,0,0,0,0,0,0,-0.8221453686608868,-0.30858756764840695,0,0,0,0,0,0,0,0,0,0,0,0,0,0,L2_Logistic_Regression
0.019850206270872143,-1.7104500669579052,1.3219623144113677,0.4553218500996749,0.6909613192287659,-0.3492153844504497,1.8292749759847027,0.007188210531276048,0,-0.2728266178462943,-1.5399458346850525,0.5075867594044646,-0.1956680708803285,-1.2608604088558104,1.4172002577767944,-0.03097663002024078,0.6696189809585004,0,-1.5828538680316846,-0.37343523138450296,-1.2047598518848144,-1.2404634438742714,2.23798696833519,-0.11124251639658636,0.5825893375751525,0.7838517415975736,1.5151570426261443,0,-0.09979174270783189,0,-1.1296862060747355,-0.487637294837413,-0.17424498141126213,-1.6967383011911827,0,0,-1.1255068813231806,1.6974851122846277,0,0,0,0,0,-0.7046671551680859,0,0,0,0.4419733110411074,0,0,0,0,0,0,-2.0660202705639215,0,0,0,-1.2404634438742714,0,0,0,0,0,0,0,0,0,0,0,0,0,-0.7046671551680859,-0.6673209955676304,0,0,0,0,0,0,0,0,0,0,0,0,0,0,L2_Logistic_Regression
-0.301135320547564,-0.2779512363564345,0.6740293670590364,-0.13049231561309646,-0.007967930077247767,0.28889267728492474,0.1903425909841971,0.25785609215135263,0.4671476077944856,0.4527946112420756,-0.8082622678510539,0.09923828949960055,-0.30987709049124745,-0.23195802508827099,0.762163622499212,0.19779031128461205,-0.18647589419219737,0.25647045527628476,0.07966089618505078,-0.21677079340618627,-0.24480489155270474,-0.28846714478526686,0.5852340537794394,0.232064842109521,0.29853747789499235,0.3348393067471022,-0.036192657348527967,0,-0.28138406989241693,0.09079486031497348,-0.24480489155270474,0.2502928181727451,-0.2875052680825381,-0.2280148455773976,0,0,-0.29819757066974995,0.07153959397164807,0,0,0,0,0,0,0,0,0,0.22427278517214777,0,0,0,0,0,0,-0.18467420145291796,0,0,0,-0.28846714478526686,-0.28758531856737934,0,0,0,0,0,0,0,0,0,0,0,0,0,0,0,0,0,0,0,0,0,0,0,0,0,0,0,0,L2_Logistic_Regression
-0.6227811487874677,-1.551018614601222,0.8360666753415456,1.333273847546269,0.23296639715605702,0.10774557321167491,1.586154286401964,0.9004690475064814,1.2046551698376986,0.5172193876841438,-2.235526859264519,0.41010375892444606,-0.1647197955228734,-1.3404201807061842,2.9451555639564253,1.1655547870320986,0.8113833660433748,0.9403748594603137,0.2621882040940363,0.03020492970821636,0,-1.0994254161720103,1.7858413651031455,0.8054639404054665,0.1915953742227922,0.24817758473005525,0.8341426869463435,0,0.4974696354316354,0.23137981039514893,0,0.1856660843771611,-1.4609465372193284,-1.2346544125579217,0,0,-0.7124357087085348,0.47933617117549826,0,0,0,0,0,-1.0454237005005498,0,0,0,0.24163943766573087,0,0,0,0,0,0,-1.7082580672747065,0,0,0,-1.0994254161720103,0,0,0,0,0,0,0,0,0,0,0,0,0,-1.0454237005005498,-0.4939774191860724,0,0,0,0,0,0,0,0,0,0,0,0,0,0,L2_Logistic_Regression
-1.6657236246679303,-0.765910293669796,1.6529888643647115,0.7766393210313985,-0.24917104377789756,1.3600160069763967,0.6138266645012105,0.5698755547091248,0.13076927635566316,0.7027723082826188,-0.9268000546671677,-1.2317981324745222,0.23554408193712334,-1.1403825993045045,3.012266687529145,1.0469830213121682,0.690960301581362,0.7323401200368571,-1.0398976065501624,-0.4564434217257088,-1.1370456752470546,0,0.930434970302419,0.5882776757059575,0.733454171295919,1.0966563263955442,0.8933232134865597,0,-1.1386367522027065,-1.0933137440682825,-1.6590286771077813,-0.26522138955156077,1.5580004511150776,0.014727296831035295,0,0,-0.31027712735310864,0.5061773728539755,0,0.9671326732763377,0,0,0,0,0.9671326732763377,0,0,0.24013036057073697,0,0,0,0,0,0,-1.8396345126139937,-0.5206431924420982,0,0,0,0,0,0,0,0,0,0,0,0,0,0,0,0,0,0,0,0,0,0,0,0,0,0,0,0,0,0,0,0,L2_Logistic_Regression
-1.0951401751703795,-0.721389019056943,0.6016484576527604,0.7337922335413544,0.3702607299265436,0.1972511491345793,1.092777034153898,0.03364747691535989,2.308434427136221,1.3692562264808446,-1.545203038051685,-1.1216609761511416,0.6040966960849761,-1.5778832000631668,3.1842378991508724,-0.3991907763472609,1.0949022054727602,0.024520013737089254,0.030874760541112597,0.0385452379112362,0,-1.013692961306391,1.0962930011521648,-0.08978070026653427,1.0090623787739594,0.9078534680614065,0.8938452445681663,0,-0.9048533540551047,-1.4494552465337152,-0.4478100923611432,0,-1.0175146030207218,-0.9646937534400988,0,0,-1.0710288570449922,2.349910749871648,0,0,0,0,0,0,0,0,0,0.3083619032898896,0,0,0,0,0,0,0,0,0,0,-1.013692961306391,-0.5510836536071382,0,0,0,0,0,0,0,0,0,0,0,0,0,0,0,0,0,0,0,0,0,0,0,0,0,0,0,0,L2_Logistic_Regression
-0.2897528183302274,-0.4750132256050189,2.003691629761111,-1.7598570958564042,0.29874339466586897,-0.1104353358996078,1.33361048367135,1.042308763123696,0.05463803729216089,0.29923712688133763,-1.2490996586338656,-0.1938698777241501,-0.8051486828187739,-1.0472884186329063,1.6782293576862684,0.6846176351085733,-0.4970897540377252,1.057566622603809,-1.333416236783175,-0.17910585762964054,-1.0342001048095388,-1.061997456981087,2.2330710952982824,0.9413196979316937,0.5344989076449382,0.8724210132592948,-0.20769608830869407,0,-1.7314752950557677,-1.0613343725990116,-0.6563399231685803,1.0381227085510571,-1.4949612011430522,-0.927324398307328,0,0,0,1.8275642423146266,0,0,0,0,0,-0.4989011010863892,0,0,0,0.28382580415351616,0,0,0,0,0,0,-0.4907944720050894,0,0,0,-1.061997456981087,0,0,0,0,0,0,0,0,0,0,0,0,0,-0.4989011010863892,-0.6260136899155544,0,0,0,0,0,0,0,0,0,0,0,0,0,0,L2_Logistic_Regression
-0.6475384988972576,-2.1189477533628462,0.06304182769598882,0.9836491627671191,1.3197736455075308,0.988727608368598,1.7653252756996571,0.7751128840402981,1.6245793211836272,1.8879139318938725,-1.5897857602543612,0.2820687456024669,-0.2432743166410209,-1.7458774322677946,1.6080173809720906,0.2098180152898167,0.45970714080345354,0.9292213134097265,-1.0573970632867127,-0.4086264120368327,-1.234794992690462,0,0.5145170717597388,0.6988660559568469,0.018069990743342635,0.4689510576889629,1.206321321444546,0,-0.6676181030280492,0.5037027286966762,-0.557567457310115,0.3293558960844606,0.19371593217580754,0.07180760163422263,0,0,0,1.9894384172983937,0,0.8168432675915221,0,0,0,0,0.8168432675915221,0,0,1.191528362186259,0,0,0,0,0,0,-2.1269726766073225,-1.3418902756035034,0,0,0,0,0,0,0,0,0,0,0,0,0,0,0,0,0,0,0,0,0,0,0,0,0,0,0,0,0,0,0,0,L2_Logistic_Regression
-0.03987513786458914,-0.024556425662959736,0.006535031074516746,-0.0925728214382725,-0.02033819495315339,0.054324276757172704,-0.004467516272944765,0.0474906207116186,0.06056320073076302,0.03333472067058114,-0.1563862942320167,0.006805739437624541,-0.06456816959638359,0.012037853400983364,0.05497508988148621,0.028364347957697884,-0.03984187927265292,0.05478085681321504,-0.031229248539258805,-0.0395008158301803,-0.06221772364461765,-0.04416924651659949,0.09755893281863616,0.04625885643308522,0.054705535075873016,0.06165401941594624,-0.015146192805649772,0,-0.019513314957757395,-0.021486722815141645,-0.10881297727795103,0.0014563827395211643,0.02087730760702349,0.05075902002463882,0,0,-0.04117291937725187,-0.03676111362350781,0,0.04846712426433916,0,0,0,-0.04390737190139446,0.04846712426433916,0,0,0,0,0,0,0,0,0,-0.03928784303414952,0,0,0,-0.04416924651659949,0,0,0,0,0,0,0,0,0,0,0,0,0,-0.04390737190139446,-0.10759104505053092,0,0,0,0,0,0,0,0,0,0,0,0,0,0,L2_Logistic_Regression
0.06965189542203253,-1.423848501589455,0.16848486757239856,-0.8182130787736326,0.6318104895892065,-0.10878325169976316,1.065050173913925,0.8534638501810572,2.5197500715770618,1.162015999256978,-1.7447062355994352,0.8570530302882692,-0.9316363640816354,-0.20746403986159573,3.0809814405491105,0.5427024837554763,-0.420061014477172,0.8807773676337387,0.22351032756507744,-0.2528389477478229,-0.30582346502393604,-1.261807916149798,2.1816687599782996,0.7437343902338154,0.6976980458714733,0.9479951201751152,-0.3173114332329793,0,-0.6907962069192666,-0.8705078356107951,-0.9097334231985378,0.0924553859212744,-0.23163478630672477,-0.04691858323598351,0,0,0,1.3210268185195395,0,0,0,0,0,-0.8921109309916654,0,0,0,0.4238761382089047,0,0,0,0,0,0,-0.40880409421229286,0,0,0,-1.261807916149798,0,0,0,0,0,0,0,0,0,0,0,0,0,-0.8921109309916654,-1.1082227770234823,0,0,0,0,0,0,0,0,0,0,0,0,0,0,L2_Logistic_Regression
-0.6261924944960142,-1.2525438861918972,-0.0037417515682690245,0.3775010473877813,-0.03591265679618525,0.9860110858176492,1.0098695167972462,0.7366696297777386,1.7427446042451467,0.881032213373648,-1.110407503587021,1.34157218151174,-1.2673756961348992,-0.5291712452301264,3.6268281266725504,0.01672247645913063,-0.44956195646153313,0.8931972653680426,-1.6340684537311765,0,-0.9223365324182718,-0.9050344361493121,1.5508607478523486,0.6389996511806851,0.2260161585242074,0.12401491054003383,0.9647502472436664,0,-1.0164625977774742,0.4942421903152569,-0.4589516841361843,0.7418877655962919,-0.06991877876322498,0.23028724348399293,0,0,-1.0242800526061513,2.1899993164797364,0,0.6704711891902488,0,0,0,-1.182071711302548,0.6704711891902488,0,0,0,0,0,0,0,0,0,-0.614038095938881,0,0,0,-0.9050344361493121,0,0,0,0,0,0,0,0,0,0,0,0,0,-1.182071711302548,-1.0364394796168788,0,0,0,0,0,0,0,0,0,0,0,0,0,0,L2_Logistic_Regression
0.6451627228986002,-1.6164352261555521,-0.11994517131706288,-0.2427170736922218,0.3019079141328864,0.340195653414827,1.5856413348199299,0.8728702433996951,0.04627525027323415,0.6362419569217628,-1.0704805337684278,-1.5031612022204803,0.5069053055756338,-1.8378628620298134,2.8388317358789528,1.381714125142277,0.9320984457348229,0.8985172466426102,0.36481058494593915,-0.386721647163487,-0.4502172803310636,-1.4079456715404361,0.4325172006575074,0.8792297551914489,0.025698800981386147,0.18648438816517815,1.0043779892828943,0,-1.2009670797070258,-0.8956712981976073,-1.532843155145844,0.24057644434090175,0.5436009730867447,-0.699403264341677,0,0,-0.4250557995551088,1.165040109922777,0,0,0,0,0,0,0,0,0,0.5079650653406131,0,0,0,0,0,0,-2.1273029876370564,0,0,0,-1.4079456715404361,-0.7530926546789596,0,0,0,0,0,0,0,0,0,0,0,0,0,0,0,0,0,0,0,0,0,0,0,0,0,0,0,0,L2_Logistic_Regression
-0.33366931280915013,-1.1334834992619414,1.354276026128439,0.46787853502794796,0.14978499085689742,0.8079092308364927,1.11350889467021,-0.00985172439838921,2.1709668727553333,0.5763091893067936,-1.1590627847970836,-0.6879164495486049,-0.44529210371432676,-1.7197061870379595,2.548605866573184,-0.5385743062400046,0.13724767461666704,0.24272768080258902,-1.7660103874810298,-0.2928567156292263,-1.1990132388178374,-1.1358366787735794,0.30993910372864436,-0.04653895903589966,-0.010098775695259944,0.1073780208942168,0.8987410417986096,0,-0.9201016547737458,0.714152061323781,-1.7028975704793203,-0.5956069861838651,-1.0709117833704973,-0.9031509082252033,0,0,-0.7705982615789354,1.6535838663489135,0,1.2228080571681779,0,0,0,-1.1023560028624404,1.2228080571681779,0,0,0.21825419802768478,0,0,0,0,0,0,0,0,0,0,-1.1358366787735794,0,0,0,0,0,0,0,0,0,0,0,0,0,-1.1023560028624404,-0.4211712464247522,0,0,0,0,0,0,0,0,0,0,0,0,0,0,L2_Logistic_Regression
-0.030852261622500363,-0.020551529066564187,0.053177440822509046,-0.07306699648551776,0.0023100813902983087,-8.735317534327629e-4,0.033271270596810947,8.374998453057815e-4,0,-0.022601878763141025,-0.0957610448183792,-0.014611276051739978,-0.02032552759713315,0.005470676783122942,0.0370348675089265,0.009006473185967563,-0.001863530022537794,1.752639455916887e-5,-0.024437660691614068,0.0030527053935294544,-0.01187111138622153,0,0.05170897818535761,4.986520099443413e-4,0.02760433037435385,0.03299053586041472,-0.007777498118395122,0,-0.011122612871484052,-0.02300611031985406,-0.037572924885889265,0,0,-0.02227307961923076,0,0,-0.04563958192350331,0.018007529583549647,0,0,0,0,0,-0.02227307961923076,0,0,0,0.024421643148235635,0,0,0,0,0,0,-0.022495017077516617,0,0,0,0,0,0,0,0,0,0,0,0,0,0,0,0,0,-0.02227307961923076,-0.06791364381596769,0,0,0,0,0,0,0,0,0,0,0,0,0,0,L2_Logistic_Regression
0.06277217249085282,-1.495167561493836,-0.09209421925304179,-1.0209279792670032,1.7196514274007304,0.5345151057676721,1.2618271117420374,1.0106038642946211,0.05377643871815606,1.0398261212909932,-1.3621365565690007,-0.2032024755982423,1.0452944180868262,-1.7414590625184319,2.7874736712163846,0.8820398087605479,1.6717166119441211,1.0354291601164962,0.38214549278339843,-0.3335902312386814,-0.3335902312386814,0,2.328731365017024,0.939881138805255,0.3014475609649593,0.3084224887413097,1.2670173185468163,0,-1.4327007159965026,-1.2623909380392606,-1.3168672879774292,0.057527564603832765,-0.7289263992926098,-1.1403380402476195,0,0,-0.6025870999281784,1.2738071368967114,-0.7333935436517284,0,0,0,0,0,0,0,0,0,0,0,0,0,0,0,0,0,0,0,0,0,0,0,0,0,0,0,0,0,0,0,0,0,0,0,0,0,0,0,0,0,0,0,0,0,0,0,0,0,L2_Logistic_Regression
-0.31314606403697964,-1.5820716193541458,1.0707205742615749,-0.5432083128550094,0.833435395977291,-0.09596508982199876,1.7073823678323212,0.7284261956906344,2.5518345721530444,1.827616378856948,-1.793621477194075,-0.10935900386474841,-0.24724670879921465,-0.6075571158671761,3.2786173196853823,0.15213733878327684,-0.0025801251181153764,0.7406226558701973,0.20467243240532854,-0.34183637662573374,-0.34183637662573374,-1.2846324643599134,1.0605915700469097,0.5798756809631156,0.84306969477171,1.2606324531722588,-0.020450888817412517,0,-0.9113028244823834,-0.7168854556126042,-1.0887175525978368,0.15239138751625275,-0.3029710640920878,0.3734983218304995,0,0,0,1.1221840428915408,0,0,0,0,0,0,0,0,0,0,0,0,0,0,0,0,0,0,0,0,-1.2846324643599134,-0.9773093909907793,0,0,0,0,0,0,0,0,0,0,0,0,0,0,0,0,0,0,0,0,0,0,0,0,0,0,0,0,L2_Logistic_Regression
-0.4529020207236195,-1.3640274013170197,0.9431851353207877,0.056920778491165655,1.181132077773869,0.608467973347307,0.5393078182392986,0.02071493926386079,1.8960484721361213,0.5056103490553893,-1.8276429914568237,0.5652214567542333,0.6078804764908383,-2.0451002888131455,2.593130250382229,-0.15181259495078078,1.4716807498436058,0.2463758220587395,-0.08333045801624743,0.03239493348749015,0,-1.4600987151190439,1.2010843960822877,-0.057589772098499095,0.8335870339081256,0.6320048505044251,-0.23203594014025034,0,-0.9933562487256683,0.6678257254869766,-1.7004594928873518,-0.6137034435709345,-1.2129604148312958,-1.0497023104278558,0,0,-1.0346431910763072,0.964939877998841,0,1.2606217448586885,0,0,0,-0.8917655961949565,1.2606217448586885,0,0,0.2591594678999212,0,0,0,0,0,0,0,0,0,0,-1.4600987151190439,0,0,0,0,0,0,0,0,0,0,0,0,0,-0.8917655961949565,-0.38667324529617925,0,0,0,0,0,0,0,0,0,0,0,0,0,0,L2_Logistic_Regression
-1.5415347701580653,-1.3503481644115933,1.5949981211553084,0.5957559285816328,0.40837760765739267,0.41534237570904753,0.8960690194315801,0.9176552612301947,2.0065902809115417,0.890402685030284,-1.5533969465239814,0.2865074105631472,0.8368413975278574,-0.9189282632850031,2.6574156514550973,1.1214838817206454,1.7138664227458027,0.91497029889163894,-1.0088698161232938,-0.3837163603743344,-1.0740102580876771,0,1.9929829084702415,0.8180192726286821,0.6792779565570684,0.6180972909283038,1.286290955928662,0,-0.6225765518690274,-0.934670380826268,-1.3182576455540191,0.11282816122174671,-1.382311485926429,-0.9697240611508269,0,0,0,0.0760669751566644,0,0,0,0,0,-1.1135570242168644,0,0,0,0.3258874151144186,0,0,0,0,0,0,0,0,0,0,0,0,0,0,0,0,0,0,0,0,0,0,0,0,-1.1135570242168644,-0.8292942373214152,0,0,0,0,0,0,0,0,0,0,0,0,0,0,L2_Logistic_Regression
-0.0041625186851610594,-6.29669351267695e-4,4.982463550724556e-4,-5.892188421387438e-4,-0.0025122465678165122,0.0012299252822499578,0.001038551282981352,4.0338332121331934e-5,0.0013844439276774383,0.0012195974350501517,-0.004062089004968517,8.913480654289941e-4,-0.0011584786001110452,-0.0014838188994174026,3.652311041211973e-4,-1.702327164116848e-4,-2.734653801071473e-4,2.2757589979487865e-4,-0.001284219245795404,-0.001084952722640172,-0.0018627508600789508,-0.0012415503573377832,0.0025850608049293195,3.1081777599168463e-7,0.0014024877914283374,0.0013308899587908503,-7.594061593076679e-5,0,-0.0012395483234771737,5.634225136571745e-4,-0.002482555512934167,0,-8.30763383210594e-4,-0.0012311721300089984,0,0,-0.0012409470170219906,6.393412831616721e-4,0,0.0012515266285774826,0,0,0,0,0.0012515266285774826,0,0,0.001253246186176033,0,0,0,0,0,0,-0.0012421140675218272,0,0,0,-0.0012415503573377832,-0.004879899455663426,0,0,0,0,0,0,0,0,0,0,0,0,0,0,0,0,0,0,0,0,0,0,0,0,0,0,0,0,L2_Logistic_Regression
1.2605989609118597,-1.6082693155191163,-0.30882511325173756,-0.575678192105826,0.4543416863146504,0.857081680182749,0.9918815921462275,0.6988357370258385,2.159343042645759,1.9754001978120015,-1.7060348497406963,0.25762505811713077,-0.6798686628981232,-1.8195534133568667,1.499744038976524,0.7270058360709216,-0.3886568166357382,0.6935791208582478,0.28555866227336857,0,0,-1.5009489214701435,2.1943242834478704,0.5934307451852122,0.6887977493611362,0.9331455221984791,1.744949909509569,0,-1.0220783756232532,-1.158091484248781,-1.2184203265342792,0.6900705017037279,-0.290826798538239,-0.9903919932630447,0,0,-0.584745344568743,1.2746274948646896,0,0,0,0,0,0,0,0,0,0,0,0,0,0,0,0,-0.6101364984506316,0,0,0,-1.5009489214701435,-0.8153749704187344,0,0,0,0,0,0,0,0,0,0,0,0,0,0,0,0,0,0,0,0,0,0,0,0,0,0,0,0,L2_Logistic_Regression
-0.11929461217730232,-1.4652078422798136,-0.40710810727058006,-0.6690519971937452,0.9097942103156872,1.0183036522535767,1.5826819656188877,0.751462177375727,0.1532102471667829,0.06286601300662416,-1.7265862272117696,0.0724411330813389,-0.5701296540024858,-0.27458173113406487,3.624650836051918,0.2543796316688897,0.20392476183413913,0.9546378113026153,0.25268794630967234,0,0,0,2.283554611134552,0.7080664575340555,0.2926999251174223,0.4271470217945357,1.2755346612206118,0,-1.335092581044825,-0.9528790495137665,-0.6758927230029139,0.046847458337052866,-0.39359885939598965,0.609440446926718,0,0,-0.9734881186905785,1.0508844232727816,0,1.076215002193203,0,0,0,-1.2253392470489533,1.076215002193203,0,0,0,0,0,0,0,0,0,0,0,0,0,0,0,0,0,0,0,0,0,0,0,0,0,0,0,-1.2253392470489533,-1.0724827493449205,0,0,0,0,0,0,0,0,0,0,0,0,0,0,L2_Logistic_Regression
-1.114726253982101,-0.8803273720880779,1.2437227228926844,0.37247806874028155,-0.47436653899810427,0.9267499772512329,1.2169857316647725,0.022335426169931432,0.13848510109893533,-0.5176357503567215,-0.8702483260899051,-0.9227897092105355,-0.3464456390203058,-0.36784641275390817,3.261124942058962,0.6073339517038413,0.8421606195028797,0.2342049498975714,0.034122586753771174,-0.568586733510366,-0.5928248766497948,-0.7798538906821546,1.0009719221923288,0.0515924886447014,0.776924190813394,0.8767540973879077,0.7821032196423504,0,-1.5541323762514725,-1.356010959097968,-1.3928084050584277,-0.6545115358021569,0.9918150141438564,-0.06621506056360042,0,0,-0.8120032915082712,2.090805610782021,0,1.3156084604398857,0,0,0,-1.0137009158224135,1.3156084604398857,0,0,0.19390514511543006,0,0,0,0,0,0,-1.7993804454169928,0,0,0,-0.7798538906821546,0,0,0,0,0,0,0,0,0,0,0,0,0,-1.0137009158224135,-0.5442387458533886,0,0,0,0,0,0,0,0,0,0,0,0,0,0,L2_Logistic_Regression
-0.6404667475306092,-1.250880688076254,1.6791499723530496,-0.22960200230381844,-0.38713090015297463,1.202874630515169,2.298038124618499,0.6760855243984006,1.9353634275465927,1.8807951363723225,-1.5295569869991879,-0.11796729761522029,-0.32208042760742184,-1.5494803910998034,1.9573594439446556,0.03160332336953812,0.1680234687790107,0.8138564253901609,0.26234231641964756,0,0,-0.7363594096268367,0.7621525830797251,0.5746888001475835,0.7735301656257683,0.9469194384055228,1.1780199557131503,0,0.37194498472617166,-1.230552218471168,-0.7423427909956154,-0.023458697774336134,-1.3473338819596616,0.02129425024656779,0,0,-0.687439796816223,2.2477743599452253,0,0.9290391249291673,0,0,0,0,0.9290391249291673,0,0,0,0,0,0,0,0,0,0,0,0,0,-0.7363594096268367,-0.8172616829767022,0,0,0,0,0,0,0,0,0,0,0,0,0,0,0,0,0,0,0,0,0,0,0,0,0,0,0,0,L2_Logistic_Regression
-0.0028988356954220045,-0.04658549863140697,0.03989697482413135,-0.03433258456600972,8.167487482919554e-4,-0.0027424186577671896,-0.003030091122052482,7.238584359437448e-4,0.026363070889800926,-0.002509989798594658,-0.07520650287889118,-0.017446993105770275,-0.03108470821087911,-0.024328231195462686,0.04298427110202536,-0.00540433851334281,-0.01926507320485028,2.1085475090882835e-5,-0.02396821307905503,-0.019286629080597584,-0.03430396385918931,0,0.05065539723761005,-8.951787685037048e-4,0.02784994677170876,0.032453161336959226,0.020994010591553283,0,-0.010326590541643046,-0.01784329354784478,-0.04497100020959358,-0.02279062882200378,0.009542661757710532,-0.045779051952717906,0,0,-0.04552123296175033,-0.008334043075800072,0,0,0,0,0,-0.022255994300137465,0,0,0,0.02456638580973464,0,0,0,0,0,0,-0.02240450162120715,0,0,0,0,0,0,0,0,0,0,0,0,0,0,0,0,0,-0.022255994300137465,-0.0680387385815241,0,0,0,0,0,0,0,0,0,0,0,0,0,0,L2_Logistic_Regression
0.14216685067857424,-1.3373962243227158,1.0238604593750307,-1.0302404117918964,-0.04448881296734462,1.272002118008397,2.0634489319131704,0.8850198287731281,0.1751827148411062,1.1267314897617406,-1.6009790887871151,-0.6155846546293947,-0.5757519175841777,-2.1654404405237253,3.5034227696690192,-0.13577660194125543,-0.23423965696788746,1.0836079527492701,0.3146277946206531,0,0,0,0.9085752997561812,0.7672103102984137,0.9263180833579986,1.0262277955162808,1.1957607986170575,0,-0.18590559654482475,-0.6898255182490167,-0.999670248470907,0.20911069106323737,-0.15627245094751008,-0.0025067789953441104,0,0,-0.9099277269019276,0.9572961843435873,0,1.233876560725829,0,0,0,0,1.233876560725829,0,0,0,0,0,0,0,0,0,-0.4065754676218839,-0.8820740995841908,0,0,0,0,0,0,0,0,0,0,0,0,0,0,0,0,0,0,0,0,0,0,0,0,0,0,0,0,0,0,0,0,L2_Logistic_Regression
0.4421394861436838,-1.4148677145744424,1.2246845905036725,-0.7637503314199633,0.7602148026337092,0.9810348041823169,0.9228368558531567,-0.00457259997881235,0.18254119982370381,0.019521050861321592,-1.4000471092274116,-0.8871568730364969,-0.5319533050095843,-2.3052844392748066,3.0154915779398697,-1.0604439388216842,0.2026012936200533,0.30138973597061774,0.02478849138757642,0.011437796355040181,0,-1.5646291685879885,0.17354461846632735,-0.020943050442565992,-0.008507670302721098,0.10451523842935417,1.2917472998196187,0,-1.3079989848306086,-0.9330212631483429,-0.8806220576533363,-0.44881703288018104,-0.2830460400355301,-0.7924626951961943,0,0,-0.8806220576533363,1.3801923338763555,0,1.7341413983251863,0,0,0,-0.7666382852864531,1.7341413983251863,0,0,0.09150237084032145,0,0,0,0,0,0,0,0,0,0,-1.5646291685879885,0,0,0,0,0,0,0,0,0,0,0,0,0,-0.7666382852864531,-0.6046122148314448,0,0,0,0,0,0,0,0,0,0,0,0,0,0,L2_Logistic_Regression
-0.5155250675507419,-0.8071555348539827,0.5369100812484209,-0.2237414663664884,0.3773317898497996,0.9255318662854779,1.6415954726949187,0.8790772895130411,2.1866779862283647,1.1207063971741131,-1.6734225241994614,0.09578831857622808,-1.0370903570973193,-0.9227032813661935,2.348070032614243,0.4071547427699381,-0.3203188614489609,0.9129625380902724,-1.4635203947674185,-0.22366081794756848,-1.1807895722800974,0,1.9655228359633443,0.7643767936263012,0.584843094018979,0.4594762135103634,1.324502712335167,0,-1.3844888911095046,0.4281507182429533,-1.1681102958556075,0.8725635052583771,-1.5353669735722106,-1.2676610482346518,0,0,-0.907966868446465,0.8914688615893558,0,0,0,0,0,-1.0287292119799674,0,0,0,0.49783582137239135,0,0,0,0,0,0,-0.5306960680699105,0,0,0,0,0,0,0,0,0,0,0,0,0,0,0,0,0,-1.0287292119799674,-0.6699119669279594,0,0,0,0,0,0,0,0,0,0,0,0,0,0,L2_Logistic_Regression
-0.010831785785788398,-0.04584652912581668,0.04381611674546735,-0.05592332210625909,0.020632993412828572,0.01012253520083339,0.03401252469927553,-1.294934160855936e-4,0.029150700182456694,-0.0014252038611221305,-0.12580159932642507,-0.01636474302858628,-0.033637509997269895,-0.002797392620927174,0.058039309633302144,-0.00432361536957481,-0.0018384990543144936,0.0043860084345297,-0.0011823918445699594,0.0030132673012617955,0,-0.02392438893986491,0.0035225735697434323,0.0010139559240203285,-2.0162813940670406e-4,0.006660176903400442,-0.009197887811176598,0,-0.008783144960263995,-0.011486732906659384,-0.03828199115529482,-0.022582351613550856,0.02479026675801815,-0.01850114622076085,0,0,-0.02289643978862409,0.017309310350311195,0,0.02585587606251838,0,0,0,-0.02257491219280683,0.02585587606251838,0,0,0.024106138410094364,0,0,0,0,0,0,-0.022473069112427375,0,0,0,-0.02392438893986491,0,0,0,0,0,0,0,0,0,0,0,0,0,-0.02257491219280683,-0.06645796538009625,0,0,0,0,0,0,0,0,0,0,0,0,0,0,L2_Logistic_Regression
0.13992926111704362,-1.4507058753398117,0.8141675177591822,-0.24271217391129565,1.0004328563913103,-0.01802656945378269,1.8168899444479538,1.074185371333495,0.05522769870369892,-0.13215960733417975,-1.9837958221253975,-1.0305186868371878,-0.07660714074955773,-1.5767668970395559,0.6539016036078982,1.5413427809120155,0.822966179199398,1.0415465904211534,-1.3109155406093669,0.11290906798856908,-0.8386573318539761,-1.2401215671623989,1.1714996838450416,1.0493262753702794,0.7852890915454962,1.159871786679423,-0.3874681601982785,0,0,-1.1980714821654377,0,0.4441403741613139,0.6057410058753856,-0.838579972495782,0,0,-0.4823771452871845,2.3663659838596405,0,0,0,0,0,-0.7460667974481274,0,0,0,0.9032725439085526,0,0,0,0,0,0,-2.093912205273956,0,0,0,-1.2401215671623989,0,0,0,0,0,0,0,0,0,0,0,0,0,-0.7460667974481274,-0.8616410645864322,0,0,0,0,0,0,0,0,0,0,0,0,0,0,L2_Logistic_Regression
-0.38653009328446297,-1.0184395053596034,0.8839258673328598,1.009363473172359,0.3042356506595488,0.4236490387772385,1.1803239920915856,-0.004848084866701326,1.9763685338334664,1.5224924694230078,-2.183422025147164,-0.7756121648658016,-0.0496869756977632,-2.181622777720796,2.8037085026220803,0.03228374116788121,0.540368838797788,0.2150800530997675,-0.01236962626993579,0,0,-1.2181055971993053,0.47448255028306385,-0.05597896683346643,-0.008832672373299972,0.19957697146038805,0.9928831947456643,0,-1.2171451405157807,-1.4021010851603661,0,-0.4128371926771921,-1.1528442262648098,-0.3657946218409213,0,0,-0.7989204369658569,1.5448145728100917,0,1.1664358548424278,0,0,0,0,1.1664358548424278,0,0,0,0,0,0,0,0,0,-1.9609360004628813,0,0,0,-1.2181055971993053,-0.34395197589028215,0,0,0,0,0,0,0,0,0,0,0,0,0,0,0,0,0,0,0,0,0,0,0,0,0,0,0,0,L2_Logistic_Regression
-0.8099814242882589,-0.755697470595602,0.10475527052897055,0.0756365644604351,0.7782138512243729,0.10105619764734677,1.5594618153836344,0.9332007342321594,0.04798992852740785,-0.21346175092660444,-1.8093302598097434,-1.260609582124509,-0.1650422453773303,-0.2974893016362885,3.1162479252670168,0.347096216148369,0.9632378938842688,0.930969608250859,0.3278973307096567,-0.4500540704905117,-0.49318810664450924,-1.215087829249392,1.3052721493376502,0.7950249495380262,0.8316197976795819,0.736497059562839,1.1630249357582028,0,-1.5123307448512708,0,-1.102889409775814,0.06925686425656746,-1.3235485148041954,-0.13878277852377302,0,0,-0.6097013031313047,1.596741813382469,0,0,0,0,0,-1.0505914205445224,0,0,0,0.3450722892319797,0,0,0,0,0,0,-2.079742204582494,0,0,0,-1.215087829249392,0,0,0,0,0,0,0,0,0,0,0,0,0,-1.0505914205445224,-0.5979248874485747,0,0,0,0,0,0,0,0,0,0,0,0,0,0,L2_Logistic_Regression
-1.2464859231479122,-0.7747404761539729,0.016623042784823364,1.4909198385499771,-0.4595847698810233,1.0458990457083637,1.758686237135789,0.6679955848509342,1.633324491168537,1.6096921054145155,-1.6312459140748368,-0.6087613989128156,-0.13351926317198876,-1.58539124541102,2.9316303767056406,0.1292233825293916,0.5078678953007915,0.7910767019255844,-1.0044979751356158,-0.6808120428125818,-1.2972796299826355,-0.6905593495091517,1.0802288692306397,0.5565520178254391,0.9079345990109853,0.6194061427749559,0.5127853643524394,0,-1.282642405615905,0.4669299003808692,-0.6808120428125818,-0.07345932775776501,-1.2683185010176836,0.08337601918892262,0,0,0,1.765490203978701,0,0.6422276909486399,0,0,0,0,0.6422276909486399,0,0,0,0,0,0,0,0,0,-1.7135877396115315,0,0,0,-0.6905593495091517,-0.6274421355090964,0,0,0,0,0,0,0,0,0,0,0,0,0,0,0,0,0,0,0,0,0,0,0,0,0,0,0,0,L2_Logistic_Regression
-1.5842169118604108,-0.7573199577500466,1.6960788055769283,0.40336591611466655,0.42453243003493724,0.5043475121113858,0.6020800825398709,0.012372822752681192,2.1065645237376596,0.6536613992182722,-0.8061069231383542,0.4185044446790744,0.10164377789877006,-0.8845433034031936,1.340783101205299,0.49406768487188446,1.0046733848164136,-0.0029607441634017066,-0.8275723745418997,-0.6454996792374191,-1.0984472009835395,-0.7101159639434896,1.7191191540554616,0.026771788662454984,0.5478268511389613,0.9887364508948493,1.4316017382091966,0,-0.899726111815508,-2.1412062201539905,-0.6454996792374191,0,1.0362819878624254,-1.4461482502410714,0,0,-1.0249833779714699,3.077219958917561,0,0,0,0,0,-0.8681331078946867,0,0,0,0,0,0,0,0,0,0,0,0,0,0,-0.7101159639434896,0,0,0,0,0,0,0,0,0,0,0,0,0,-0.8681331078946867,-0.615768015351054,0,0,0,0,0,0,0,0,0,0,0,0,0,0,L2_Logistic_Regression
-0.329082190369875,-1.5009361364239775,1.4975917510985473,-0.0023770327640884117,0.5881730638224762,0.52087410726196,0.19679093284649574,0.00632354983092912,0.11956971110654792,-0.24643747261310078,-2.082599850368385,-0.015525409980411568,-0.23654231813362636,-0.034074801424572795,2.8139160714960108,0.05076767310747725,0.8661904882169865,0.21433809772611842,-0.10957943581085564,0.014137003069934349,0,-1.2956843769544661,2.2880314505925465,-0.07982242901178953,0.6614693356397195,0.581353562130853,-0.36359976006620154,0,-1.1427682962134345,0.2839780638780513,-1.2450789380847598,-0.45588136489072134,-0.6513027015018239,0.1203988796254012,0,0,-0.65040369594449,2.260670158062588,0,1.1359122555122052,0,0,0,-0.7244698741233387,1.1359122555122052,0,0,0.11309602455947479,0,0,0,0,0,0,-2.0177514298612924,0,0,0,-1.2956843769544661,0,0,0,0,0,0,0,0,0,0,0,0,0,-0.7244698741233387,-0.4794253694611248,0,0,0,0,0,0,0,0,0,0,0,0,0,0,L2_Logistic_Regression
0.023444846540613403,-0.09553851881973918,0.04535501546941418,-0.09314611019810494,0.052022162218267845,-0.012800926676684695,0.05840575356973877,-2.4934336026968866e-4,0.054455972664585746,0.03140251389488119,-0.16192290975329263,-0.029924360758022572,-0.033798376996569346,-0.006069686255510005,0.08551082153039852,-0.003816560416282474,7.71539523494074e-5,4.01955401165876e-4,-0.002113714827574322,-0.04117898671082302,-0.04117898671082302,0,0.05641886875419958,-0.0016534330792923918,0.00646935212993516,0.014179766588532256,-0.007060455250853117,0,-0.039398851339239614,-0.03334797443652123,-0.07084706429701153,0,-0.03048189851468009,-0.04118036550338913,0,0,-0.04360678021912777,0.03843200027753016,0,0,0,0,0,0,0,0,0,0,0,0,0,0,0,0,-0.043420203717196335,-0.1061778731606844,0,0,0,0,0,0,0,0,0,0,0,0,0,0,0,0,0,0,0,0,0,0,0,0,0,0,0,0,0,0,0,0,L2_Logistic_Regression
-1.2972098804686283,-0.8772342708841389,1.1588712985760419,-0.03349914422547794,1.0065034923809466,0.07480389548159852,2.4621407576409884,0.014051806347875643,2.1358582257702596,0.1657380260017574,-1.9431876642808577,-0.3347970659017063,0.6348042253788194,-0.06073680303569046,2.337684106694142,0.5440587656991958,1.6752085422679384,0.02666959105468141,-1.5811201573961553,-0.3189838032538088,-1.1322991225976167,-1.1204460119150204,0.9026158389431126,0,0.5477864006204373,0.7579291219142558,1.180635684445544,0,0.5841981785319512,-1.1637358817632588,-1.3449095981302246,-0.6254337714127512,0.7845750861171255,-1.3481982513101738,0,0,0,1.0406059548652633,0,0,0,0,0,-1.1447767618464912,0,0,0,0,0,0,0,0,0,0,0,0,0,0,-1.1204460119150204,0,0,0,0,0,0,0,0,0,0,0,0,0,-1.1447767618464912,-0.4607785688441047,0,0,0,0,0,0,0,0,0,0,0,0,0,0,L2_Logistic_Regression
-0.20694127659575756,-0.22320098275540634,0.569043626744273,-0.46052130600907637,0.144583082361975,0.37151210575125587,0.6160706876805164,0.242354456044542,0.012471409953082596,0.24508671504762455,-0.9519105153058769,-0.11442962886209193,-0.28181418756008686,0.1313205085622893,0.7091029723413058,0.24546044095992156,-0.12465992262112,0.23507376307798308,0.11515033367380927,-0.17545458758432958,-0.20030400515714725,-0.33309697774081437,0.5535243473155033,0.24393573165517649,0.24093819232771455,0.47285395175574857,0.45528258955570966,0,-0.17058890962679274,-0.2899860087102892,-0.44170758872411353,-0.05087482507388598,0.3426372664479428,0.06898840301852337,0,0,-0.24140358356696628,0.08979005444925707,0,0,0,0,0,0,0,0,0,0.1987953405825414,0,0,0,0,0,0,-0.18684290745308663,0,0,0,-0.33309697774081437,-0.23956990284221652,0,0,0,0,0,0,0,0,0,0,0,0,0,0,0,0,0,0,0,0,0,0,0,0,0,0,0,0,L2_Logistic_Regression
-0.06468412847305298,-2.445899620360052,1.5886099261415412,0.69417547438584,0.6200365390124088,0.4547454825377098,2.0477808907549493,-0.005556102273559577,2.5031514566547752,0.6063943480826974,-1.0071800274865388,0.14906618921582548,-1.2864346582746375,-0.6595672913036977,2.1310344683951197,-0.6177861540817529,-0.4577882200415137,0.2220158939775509,-1.4990003232900968,-0.5018408115844449,-1.2804152014925223,-1.0754171260212637,0.26041372673067814,-0.057580766603622685,-0.007932521009539334,0.312156828197264,1.0736649331865369,0,-0.8090645782344835,-0.8197111363296845,-0.5391000015117668,-0.276361162551086,0.42097394836254837,-0.054717405040980445,0,0,0,0.9081109446039548,0,1.286055808935559,0,0,0,-1.3407732139765394,1.286055808935559,0,0,0.2980735194185755,0,0,0,0,0,0,-0.6138563044379672,0,0,0,-1.0754171260212637,0,0,0,0,0,0,0,0,0,0,0,0,0,-1.3407732139765394,-1.223945869695424,0,0,0,0,0,0,0,0,0,0,0,0,0,0,L2_Logistic_Regression
-0.03136757354312699,-0.4031280378426527,1.202093457542511,-0.4544543321939685,-0.19734043472606974,0.3224374057813845,2.1016785407463754,1.036810113318001,2.0177574143157977,0.8006394627973581,-1.8367174325611029,-0.41946783209068433,-0.7139545928339208,-1.5908907528602245,1.737159135696345,1.002803520182525,0.18839376799697227,1.06642378235434,-1.4324951229011744,-0.2394901273341275,-1.2209924644929335,-1.131462103913458,0.207437179673637,1.0447262974576226,0.02583880641326759,0.3595709860592753,1.3468278993269962,0,0.35024073679411105,-1.2881509824442656,-1.5632612350607336,-0.24023257408689747,0,-1.2025417091565502,0,0,-1.4537893975603662,1.334049160145122,0,0,0,0,0,-1.1596393501800446,0,0,0,0.3588518085044558,0,0,0,0,0,0,0,0,0,0,-1.131462103913458,0,0,0,0,0,0,0,0,0,0,0,0,0,-1.1596393501800446,-0.17011110725372128,0,0,0,0,0,0,0,0,0,0,0,0,0,0,L2_Logistic_Regression
-0.9911956558578353,-0.9373177469947328,1.3287609284633857,-1.0002704294801943,0.9151513393658384,2.0040466183537258,1.3599571318872687,0.671770093353412,0.15664828038790668,0.08812806770386382,-1.367381577260529,-0.5775994944997485,-0.3911410297729004,-1.147172530331931,2.914036378432102,0.46985987372764054,0.1882782093802994,0.8699802514225984,0.3071223645364693,-0.37686679291740505,-0.39604878419322703,-1.1773095197054297,0.8828124907569241,0.6984632159534049,0.6090244099264289,0.8118561864622283,1.2070657443653177,0,-1.3795811898038255,0.29042639920564484,-1.2492091878671252,0.6529061337250684,0.8576337886220688,-0.8960934522592328,0,0,-0.9966725731690739,0.19816399827965972,0,1.1617055968225793,0,0,0,-0.9380435214187273,1.1617055968225793,0,0,0.15345593020657572,0,0,0,0,0,0,0,0,0,0,-1.1773095197054297,0,0,0,0,0,0,0,0,0,0,0,0,0,-0.9380435214187273,-0.6185725819291517,0,0,0,0,0,0,0,0,0,0,0,0,0,0,L2_Logistic_Regression
-1.2532097936073083,-0.9765547700494702,0.6384277058535345,0.5031570538996843,-0.081154277687266893,1.3940144919626167,2.5832215036922395,-0.0043222358178988795,1.5521981682395987,1.2807234545072148,-2.20932155270663,0.27475513347586217,0.4750114267354986,-0.9071219617335128,2.273877938572001,0.9096254130425963,1.0541635272717211,0.14422823222628567,0.0444356947744966,0.07357797578284878,0,-0.7058954261202013,1.490506408268507,0.060408434616572255,0.1629631560891727,0.3565188777436231,0.9350398938824106,0,0.4704405137207756,-1.3960184177771804,-1.1061406704597139,-0.4802884268017529,1.4289389401363497,-0.2930169703629498,0,0,-0.9670288385729782,1.3637711850276255,0,0.8714093002658392,0,0,0,0,0.8714093002658392,0,0,0.5886238062627902,0,0,0,0,0,0,-1.8777685879120922,0,0,0,-0.7058954261202013,-0.7537062827792258,0,0,0,0,0,0,0,0,0,0,0,0,0,0,0,0,0,0,0,0,0,0,0,0,0,0,0,0,L2_Logistic_Regression
-0.3724712886487293,-1.3270566517337254,1.709531635539006,-1.0577848855579466,0.9151263678366891,1.239968607542646,1.7552417588736358,0.006348259583157081,0.16270091729211406,-0.1307676726027001,-2.136432350633045,0.10512337152784398,-0.42123251826369745,-1.4217214787699746,1.360008373410955,0.44997174985829397,-0.009244746861259184,0.2511457175870731,-0.015075067321033274,-0.4815763944301341,-0.4815763944301341,-1.1211976818716982,2.099380552382627,0.09480485238564515,0.4595768275800367,1.0339298334785858,-0.2547239377827479,0,-1.5165882634543946,-1.1242713841741399,-0.4815763944301341,-0.4171271600417657,0.7262680531565086,-0.6144589795088882,0,0,0,1.9584122263449648,0,1.5456587142750835,0,0,0,-0.7326461887547904,1.5456587142750835,0,0,0,0,0,0,0,0,0,0,0,0,0,-1.1211976818716982,0,0,0,0,0,0,0,0,0,0,0,0,0,-0.7326461887547904,-0.8855955268605976,0,0,0,0,0,0,0,0,0,0,0,0,0,0,L2_Logistic_Regression
-0.393082767029059,-1.1973778419319894,1.1752834189501882,1.6055443644552196,-0.20229562643959623,0.06520554066442816,1.9009882191375997,-0.003416772677201591,1.6019457983324343,0.19986016954588598,-0.8551995768034618,-0.4135509478800581,-0.9686557515168843,-1.5145862786301423,2.22604441274938,-0.3561494944512684,0.32210690437181,0.2765275672134053,-1.6932835709288738,0,-0.8224227714110564,-1.039555655495742,0.4331917110754384,-0.045810166229711506,-0.005359045240729877,0.052569970366455526,0.3906588367099174,0,0.3616305043033198,-1.7306118725102393,-0.80656626806982,0,-1.2004261339234925,-1.1238050341138124,0,0,-1.3920251493430968,1.4812139648104792,0,1.5327995624702146,0,0,0,-1.1450253252410048,1.5327995624702146,0,0,0,0,0,0,0,0,0,-1.7097651763157444,0,0,0,-1.039555655495742,0,0,0,0,0,0,0,0,0,0,0,0,0,-1.1450253252410048,-0.24055290972959104,0,0,0,0,0,0,0,0,0,0,0,0,0,0,L2_Logistic_Regression
-0.04043098637713074,-0.025022571354858157,0.003450963345540969,-0.010167187522658992,-0.015797973741280662,0.014449510953282518,0.033882702762527694,0.02501310912016516,0.027066394175333162,0.031127572984941693,-0.10004545506769028,-0.009089801614780525,-0.021415975375789504,-0.004367179968923514,0.010914968834896474,0.03523290368221135,-0.001980388944451285,0.024451722376573407,-0.01514802509388249,0,-0.011696595162842648,-0.022990494206060853,0.05143587401933908,0.023341592597947904,0.02815596303829609,0.031053935679250817,-0.001362616324557876,0,-0.009517751096837447,-0.018152619337153685,0,0.00113585467226161,-0.01606683380841319,0.0020100088411716412,0,0,-0.023432241230918503,-0.007598987731561292,0,0,0,0,0,0,0,0,0,0,0,0,0,0,0,0,-0.022517599537317544,0,0,0,-0.022990494206060853,-0.06924713884069067,0,0,0,0,0,0,0,0,0,0,0,0,0,0,0,0,0,0,0,0,0,0,0,0,0,0,0,0,L2_Logistic_Regression
